Date,High,Low,Open,Close,Volume,Adj Close
2015-05-29,71.02999877929688,70.0,70.9000015258789,70.26000213623047,3784800.0,54.65776062011719
2015-06-01,71.47000122070312,70.26000213623047,70.41999816894531,71.13999938964844,1932600.0,55.34234619140625
2015-06-02,70.91999816894531,70.20999908447266,70.88999938964844,70.52999877929688,2206700.0,54.867801666259766
2015-06-03,70.44999694824219,69.22000122070312,70.30999755859375,69.29000091552734,2643800.0,53.90316390991211
2015-06-04,70.19000244140625,68.6500015258789,69.08999633789062,69.62000274658203,4032100.0,54.159881591796875
2015-06-05,68.88999938964844,67.7699966430664,68.62999725341797,67.80999755859375,2935500.0,52.75181198120117
2015-06-08,68.88999938964844,67.61000061035156,67.87000274658203,68.37999725341797,2087500.0,53.19523620605469
2015-06-09,68.54000091552734,67.69000244140625,68.30999755859375,67.80999755859375,1444200.0,52.75181198120117
2015-06-10,68.87000274658203,67.62000274658203,67.7699966430664,68.30999755859375,1566000.0,53.140777587890625
2015-06-11,68.87000274658203,68.30000305175781,68.72000122070312,68.43000030517578,2004100.0,53.23413848876953
2015-06-12,68.7300033569336,67.9000015258789,68.33999633789062,67.95999908447266,1563300.0,52.868507385253906
2015-06-15,67.94999694824219,67.37000274658203,67.83000183105469,67.5199966430664,1932500.0,52.526214599609375
2015-06-16,68.38999938964844,67.4800033569336,67.61000061035156,68.0,2024300.0,52.89963150024414
2015-06-17,68.3499984741211,67.31999969482422,68.04000091552734,68.2300033569336,3059900.0,53.07855987548828
2015-06-18,69.52999877929688,68.2300033569336,68.51000213623047,68.87999725341797,2374300.0,53.584205627441406
2015-06-19,69.26000213623047,68.2300033569336,68.88999938964844,68.73999786376953,3196900.0,53.47528839111328
2015-06-22,69.04000091552734,67.4800033569336,69.04000091552734,67.55000305175781,1944100.0,52.549560546875
2015-06-23,67.87999725341797,66.6500015258789,67.41000366210938,67.02999877929688,1661500.0,52.145023345947266
2015-06-24,67.41000366210938,66.41000366210938,67.12999725341797,66.5199966430664,3234900.0,51.74828338623047
2015-06-25,66.73999786376953,65.91999816894531,66.51000213623047,65.9800033569336,2636800.0,51.32819747924805
2015-06-26,66.62999725341797,65.69999694824219,66.04000091552734,66.37999725341797,2027400.0,51.639373779296875
2015-06-29,67.22000122070312,65.72000122070312,66.37999725341797,65.76000213623047,2430600.0,51.15705871582031
2015-06-30,66.41999816894531,65.4800033569336,66.3499984741211,65.62999725341797,2496500.0,51.055908203125
2015-07-01,66.37000274658203,65.37000274658203,66.0,66.3499984741211,3443600.0,51.616024017333984
2015-07-02,67.62999725341797,66.08999633789062,66.87999725341797,66.2300033569336,2309400.0,51.522682189941406
2015-07-06,66.66000366210938,65.87999725341797,65.87999725341797,66.5999984741211,1720800.0,51.81051254272461
2015-07-07,68.4000015258789,66.69000244140625,66.9800033569336,68.30000305175781,2323200.0,53.13301086425781
2015-07-08,69.06999969482422,67.6500015258789,68.06999969482422,68.69999694824219,2689700.0,53.44417953491211
2015-07-09,69.44000244140625,68.23999786376953,69.13999938964844,68.33999633789062,2270700.0,53.16412353515625
2015-07-10,69.47000122070312,68.27999877929688,68.80000305175781,68.75,1835400.0,53.48308181762695
2015-07-13,69.52999877929688,67.94999694824219,69.20999908447266,68.45999908447266,1907300.0,53.25747299194336
2015-07-14,68.76000213623047,68.05999755859375,68.70999908447266,68.12999725341797,1448400.0,53.00074768066406
2015-07-15,68.25,67.37999725341797,68.12999725341797,67.52999877929688,3136900.0,52.53399658203125
2015-07-16,68.0,67.06999969482422,67.69999694824219,67.52999877929688,2798800.0,52.53399658203125
2015-07-17,67.63999938964844,66.9800033569336,67.55000305175781,67.30000305175781,1744100.0,52.35506820678711
2015-07-20,67.43000030517578,66.80000305175781,67.26000213623047,67.33000183105469,1548300.0,52.3784065246582
2015-07-21,67.55000305175781,66.94999694824219,67.2699966430664,67.0999984741211,1914100.0,52.19947814941406
2015-07-22,67.80000305175781,67.0199966430664,67.05999755859375,67.66000366210938,1570000.0,52.63512420654297
2015-07-23,67.7300033569336,66.5999984741211,67.5,67.02999877929688,1418500.0,52.145023345947266
2015-07-24,68.08999633789062,66.80000305175781,66.9000015258789,67.81999969482422,1561100.0,52.75959014892578
2015-07-27,68.80000305175781,67.76000213623047,67.81999969482422,68.69000244140625,2507000.0,53.43639373779297
2015-07-28,69.08999633789062,68.4000015258789,68.70999908447266,68.6500015258789,2048700.0,53.40528106689453
2015-07-29,69.4800033569336,68.01000213623047,68.54000091552734,69.30999755859375,2050400.0,53.91872024536133
2015-07-30,69.56999969482422,68.55999755859375,69.12999725341797,68.80999755859375,1631600.0,53.529747009277344
2015-07-31,70.19000244140625,69.20999908447266,69.45999908447266,69.37000274658203,1792100.0,53.96541213989258
2015-08-03,69.83999633789062,69.26000213623047,69.30999755859375,69.83000183105469,2177800.0,54.323246002197266
2015-08-04,70.22000122070312,69.0,69.22000122070312,69.20999908447266,2544800.0,53.84092330932617
2015-08-05,69.94000244140625,68.11000061035156,69.45999908447266,68.55000305175781,2923400.0,53.32749938964844
2015-08-06,68.5999984741211,66.97000122070312,68.51000213623047,68.48999786376953,2968600.0,53.28081512451172
2015-08-07,68.27999877929688,66.83000183105469,67.66999816894531,68.0,2017700.0,53.54460144042969
2015-08-10,68.23999786376953,67.08999633789062,68.12000274658203,67.37000274658203,1723800.0,53.04852294921875
2015-08-11,68.61000061035156,67.41000366210938,67.44999694824219,67.80999755859375,1857300.0,53.39498519897461
2015-08-12,68.22000122070312,67.08000183105469,67.75,68.19999694824219,5850300.0,53.70207214355469
2015-08-13,68.26000213623047,66.91999816894531,67.68000030517578,67.8499984741211,2385400.0,53.426483154296875
2015-08-14,68.16000366210938,67.26000213623047,67.63999938964844,67.93000030517578,2342300.0,53.489479064941406
2015-08-17,69.4000015258789,68.0199966430664,68.05000305175781,69.3499984741211,3302300.0,54.60762023925781
2015-08-18,69.5999984741211,69.08999633789062,69.30999755859375,69.33000183105469,1700900.0,54.59186553955078
2015-08-19,69.38999938964844,68.54000091552734,68.91000366210938,69.05999755859375,1706200.0,54.37925720214844
2015-08-20,69.66000366210938,68.33999633789062,68.77999877929688,69.37000274658203,2341500.0,54.62337875366211
2015-08-21,69.7699966430664,68.41999816894531,69.29000091552734,68.41999816894531,2857300.0,53.87531661987305
2015-08-24,66.88999938964844,65.61000061035156,66.30999755859375,65.76000213623047,5944700.0,51.780784606933594
2015-08-25,66.95999908447266,63.2400016784668,66.58999633789062,63.290000915527344,3320000.0,49.83584976196289
2015-08-26,64.52999877929688,62.9900016784668,64.19999694824219,64.41999816894531,3289100.0,50.72563171386719
2015-08-27,66.12999725341797,64.1500015258789,65.2699966430664,65.31999969482422,2861000.0,51.4343147277832
2015-08-28,65.5,64.56999969482422,65.37000274658203,65.08000183105469,1916500.0,51.24532699584961
2015-08-31,65.0,63.29999923706055,64.98999786376953,63.349998474121094,2826100.0,49.883094787597656
2015-09-01,62.84000015258789,61.900001525878906,62.58000183105469,62.38999938964844,2545700.0,49.127159118652344
2015-09-02,63.540000915527344,62.47999954223633,63.09000015258789,63.220001220703125,2326800.0,49.78072738647461
2015-09-03,63.5,62.689998626708984,63.400001525878906,62.86000061035156,1631000.0,49.49725341796875
2015-09-04,62.54999923706055,61.0,62.36000061035156,61.41999816894531,1720200.0,48.36336898803711
2015-09-08,62.75,61.869998931884766,62.20000076293945,62.58000183105469,2307500.0,49.27678680419922
2015-09-09,63.18000030517578,61.79999923706055,62.97999954223633,61.90999984741211,2321100.0,48.74920654296875
2015-09-10,62.70000076293945,61.63999938964844,61.849998474121094,61.849998474121094,1754200.0,48.701961517333984
2015-09-11,62.83000183105469,61.599998474121094,61.7400016784668,62.810001373291016,1331400.0,49.4578857421875
2015-09-14,63.38999938964844,62.61000061035156,63.06999969482422,63.349998474121094,2074400.0,49.883094787597656
2015-09-15,64.16000366210938,62.849998474121094,63.36000061035156,63.79999923706055,1541700.0,50.237430572509766
2015-09-16,64.70999908447266,63.65999984741211,63.65999984741211,64.4800033569336,1214200.0,50.77288818359375
2015-09-17,67.5,64.08999633789062,64.47000122070312,66.18000030517578,2921400.0,52.11149215698242
2015-09-18,68.37999725341797,65.1500015258789,65.20999908447266,67.36000061035156,5513600.0,53.0406494140625
2015-09-21,68.0999984741211,67.1500015258789,67.43000030517578,67.7300033569336,2252000.0,53.33199691772461
2015-09-22,67.97000122070312,67.22000122070312,67.29000091552734,67.54000091552734,2145700.0,53.182395935058594
2015-09-23,68.43000030517578,67.23999786376953,67.5,68.16000366210938,1817900.0,53.67058181762695
2015-09-24,68.4800033569336,67.51000213623047,68.05999755859375,67.91000366210938,2306800.0,53.4737434387207
2015-09-25,68.4000015258789,67.51000213623047,67.9800033569336,67.6500015258789,2243200.0,53.269012451171875
2015-09-28,67.5,65.72000122070312,67.47000122070312,66.11000061035156,2327600.0,52.05636978149414
2015-09-29,67.48999786376953,65.77999877929688,66.05999755859375,67.33000183105469,2814700.0,53.017024993896484
2015-09-30,68.45999908447266,67.2300033569336,67.69000244140625,67.72000122070312,2077400.0,53.32413101196289
2015-10-01,68.1500015258789,66.95999908447266,68.0,67.69999694824219,1832200.0,53.308372497558594
2015-10-02,68.2300033569336,67.02999877929688,67.33999633789062,68.2300033569336,1878800.0,53.72571563720703
2015-10-05,69.25,68.1500015258789,68.44000244140625,69.20999908447266,2131900.0,54.497379302978516
2015-10-06,69.37999725341797,68.69000244140625,69.19000244140625,69.0999984741211,1477100.0,54.4107551574707
2015-10-07,69.63999938964844,68.54000091552734,69.06999969482422,69.62000274658203,2024000.0,54.820220947265625
2015-10-08,69.81999969482422,68.83999633789062,69.62000274658203,69.66000366210938,2014400.0,54.85171890258789
2015-10-09,69.69999694824219,69.01000213623047,69.52999877929688,69.26000213623047,1496700.0,54.5367546081543
2015-10-12,69.68000030517578,68.75,69.26000213623047,69.05000305175781,1669600.0,54.37139892578125
2015-10-13,69.37999725341797,68.44999694824219,68.44999694824219,68.9800033569336,1331400.0,54.316280364990234
2015-10-14,69.26000213623047,67.48999786376953,69.01000213623047,67.68000030517578,1857800.0,53.292633056640625
2015-10-15,68.38999938964844,67.52999877929688,67.68000030517578,68.36000061035156,1707900.0,53.828060150146484
2015-10-16,69.41000366210938,67.33000183105469,67.6500015258789,69.30000305175781,1598600.0,54.56824493408203
2015-10-19,70.16999816894531,69.12000274658203,69.25,70.13999938964844,1461300.0,55.229679107666016
2015-10-20,70.16000366210938,69.27999877929688,69.87000274658203,69.69999694824219,1392200.0,54.88322067260742
2015-10-21,70.86000061035156,69.73999786376953,69.94000244140625,70.55000305175781,1527500.0,55.552513122558594
2015-10-22,71.25,70.27999877929688,70.79000091552734,70.91000366210938,2271900.0,55.83599090576172
2015-10-23,70.94000244140625,68.0,70.62000274658203,68.4800033569336,2906900.0,53.92255401611328
2015-10-26,68.47000122070312,66.5,68.2300033569336,67.83000183105469,3147300.0,53.41073989868164
2015-10-27,68.13999938964844,67.0999984741211,67.72000122070312,68.06999969482422,1945800.0,53.59972381591797
2015-10-28,68.27999877929688,66.2699966430664,68.18000030517578,66.81999969482422,3092400.0,52.61543655395508
2015-10-29,67.06999969482422,66.25,66.54000091552734,66.94999694824219,2899400.0,52.71780014038086
2015-10-30,67.75,64.05000305175781,66.76000213623047,64.87000274658203,4094900.0,51.079978942871094
2015-11-02,65.86000061035156,64.44999694824219,64.73999786376953,65.86000061035156,2987800.0,51.859519958496094
2015-11-03,66.13999938964844,64.44000244140625,65.77999877929688,64.80000305175781,2836600.0,51.02485656738281
2015-11-04,65.11000061035156,64.56999969482422,64.87999725341797,64.7699966430664,2239000.0,51.00122833251953
2015-11-05,65.02999877929688,64.13999938964844,64.62999725341797,64.91999816894531,2910900.0,51.11933898925781
2015-11-06,64.38999938964844,60.529998779296875,63.70000076293945,61.02000045776367,4082100.0,48.66686248779297
2015-11-09,61.029998779296875,58.61000061035156,60.75,59.0099983215332,4334000.0,47.06377410888672
2015-11-10,60.06999969482422,58.849998474121094,59.18000030517578,59.400001525878906,3335400.0,47.37481689453125
2015-11-11,59.84000015258789,58.959999084472656,59.630001068115234,59.0099983215332,1674300.0,47.06377410888672
2015-11-12,59.83000183105469,58.369998931884766,59.0099983215332,59.38999938964844,3508800.0,47.36684799194336
2015-11-13,60.16999816894531,58.189998626708984,59.66999816894531,58.209999084472656,3097400.0,46.42572021484375
2015-11-16,59.540000915527344,58.20000076293945,58.209999084472656,59.130001068115234,2707600.0,47.15947723388672
2015-11-17,59.459999084472656,58.209999084472656,58.209999084472656,58.849998474121094,2178100.0,46.936161041259766
2015-11-18,59.630001068115234,58.65999984741211,59.13999938964844,59.56999969482422,2080300.0,47.51039505004883
2015-11-19,60.779998779296875,59.68000030517578,59.77000045776367,60.54999923706055,3078700.0,48.292015075683594
2015-11-20,61.75,60.599998474121094,60.939998626708984,61.66999816894531,3401600.0,49.185264587402344
2015-11-23,62.75,61.86000061035156,62.290000915527344,62.25,3119500.0,49.64785385131836
2015-11-24,62.58000183105469,61.88999938964844,62.08000183105469,62.27000045776367,3015500.0,49.663814544677734
2015-11-25,62.7400016784668,62.11000061035156,62.34000015258789,62.459999084472656,1740700.0,49.81534957885742
2015-11-27,63.38999938964844,62.369998931884766,62.43000030517578,63.189998626708984,1005000.0,50.39755630493164
2015-11-30,64.05999755859375,62.790000915527344,63.18000030517578,63.189998626708984,5552900.0,50.39755630493164
2015-12-01,64.81999969482422,63.650001525878906,63.650001525878906,64.80999755859375,3109000.0,51.689605712890625
2015-12-02,64.9800033569336,63.33000183105469,64.51000213623047,63.45000076293945,2843300.0,50.60491943359375
2015-12-03,63.369998931884766,62.279998779296875,63.02000045776367,62.709999084472656,3332600.0,50.01472473144531
2015-12-04,63.77000045776367,62.779998779296875,63.060001373291016,63.650001525878906,2624500.0,50.764434814453125
2015-12-07,64.55999755859375,63.380001068115234,63.66999816894531,64.1500015258789,2449800.0,51.1632080078125
2015-12-08,64.9800033569336,64.0,64.25,64.37999725341797,2345400.0,51.346641540527344
2015-12-09,64.70999908447266,63.54999923706055,63.93000030517578,64.16999816894531,1924000.0,51.179161071777344
2015-12-10,64.22000122070312,62.75,64.08000183105469,62.810001373291016,3245100.0,50.094482421875
2015-12-11,63.70000076293945,62.5,62.5,63.209999084472656,2610000.0,50.413509368896484
2015-12-14,63.63999938964844,62.7599983215332,62.9900016784668,63.540000915527344,2277600.0,50.67670440673828
2015-12-15,64.88999938964844,64.04000091552734,64.06999969482422,64.61000061035156,2474300.0,51.53008270263672
2015-12-16,66.47000122070312,64.75,64.77999877929688,66.23999786376953,2492400.0,52.83009719848633
2015-12-17,66.23999786376953,65.58000183105469,65.97000122070312,66.01000213623047,2399200.0,52.64666748046875
2015-12-18,66.26000213623047,64.9800033569336,66.01000213623047,65.25,4534700.0,52.040523529052734
2015-12-21,66.12999725341797,65.05999755859375,65.93000030517578,65.45999908447266,1528300.0,52.208003997802734
2015-12-22,66.54000091552734,65.51000213623047,65.7300033569336,66.16000366210938,1678800.0,52.766300201416016
2015-12-23,67.06999969482422,66.11000061035156,66.19000244140625,67.02999877929688,1782200.0,53.460166931152344
2015-12-24,67.23999786376953,66.5999984741211,67.06999969482422,67.02999877929688,637200.0,53.460166931152344
2015-12-28,67.5199966430664,66.66000366210938,66.98999786376953,67.5199966430664,1167100.0,53.85097122192383
2015-12-29,68.55999755859375,67.52999877929688,67.72000122070312,68.51000213623047,1910100.0,54.640560150146484
2015-12-30,68.76000213623047,68.11000061035156,68.44000244140625,68.31999969482422,996300.0,54.489013671875
2015-12-31,68.51000213623047,67.6500015258789,68.27999877929688,68.02999877929688,1461800.0,54.25772476196289
2016-01-04,68.45999908447266,67.11000061035156,67.7699966430664,68.38999938964844,2434100.0,54.544857025146484
2016-01-05,70.44999694824219,68.1500015258789,68.5,70.08999633789062,3346500.0,55.90068817138672
2016-01-06,70.16000366210938,69.30000305175781,69.5,69.94000244140625,2591900.0,55.78105926513672
2016-01-07,69.87000274658203,67.5999984741211,69.23999786376953,67.94000244140625,4418400.0,54.185951232910156
2016-01-08,68.70999908447266,67.94999694824219,68.16000366210938,68.08999633789062,2299100.0,54.305580139160156
2016-01-11,69.22000122070312,68.19999694824219,68.41000366210938,68.55000305175781,2608400.0,54.67246627807617
2016-01-12,68.95999908447266,67.69999694824219,68.83000183105469,68.02999877929688,2304100.0,54.25772476196289
2016-01-13,68.5199966430664,66.25,68.06999969482422,66.58000183105469,3166200.0,53.10127639770508
2016-01-14,67.0199966430664,65.91000366210938,66.37999725341797,66.38999938964844,3193400.0,52.949737548828125
2016-01-15,66.52999877929688,65.22000122070312,65.52999877929688,66.31999969482422,2778800.0,52.89390182495117
2016-01-19,68.44000244140625,66.62999725341797,66.97000122070312,67.7699966430664,2365700.0,54.050357818603516
2016-01-20,67.6500015258789,63.70000076293945,67.26000213623047,64.51000213623047,3225900.0,51.45033645629883
2016-01-21,66.48999786376953,64.08999633789062,65.1500015258789,65.4800033569336,2225700.0,52.223960876464844
2016-01-22,68.29000091552734,66.0,66.12999725341797,67.75,1924600.0,54.03440856933594
2016-01-25,68.44000244140625,66.63999938964844,67.68000030517578,66.75,1895200.0,53.236854553222656
2016-01-26,67.91999816894531,65.66999816894531,67.02999877929688,66.0,4865200.0,52.63869094848633
2016-01-27,65.36000061035156,60.72999954223633,65.20999908447266,61.599998474121094,6630700.0,49.12944030761719
2016-01-28,62.04999923706055,60.33000183105469,61.400001525878906,60.43000030517578,4976100.0,48.19629669189453
2016-01-29,62.22999954223633,60.529998779296875,61.279998779296875,62.220001220703125,4401500.0,49.623924255371094
2016-02-01,63.310001373291016,61.54999923706055,61.900001525878906,62.83000183105469,2337000.0,50.11043930053711
2016-02-02,62.86000061035156,61.7400016784668,62.83000183105469,61.810001373291016,3260000.0,49.29693603515625
2016-02-03,63.709999084472656,62.060001373291016,62.33000183105469,63.65999984741211,2528500.0,50.772403717041016
2016-02-04,63.90999984741211,62.83000183105469,63.459999084472656,63.689998626708984,2400300.0,50.79633331298828
2016-02-05,63.22999954223633,61.93000030517578,62.70000076293945,63.119998931884766,3272100.0,51.030792236328125
2016-02-08,63.22999954223633,59.15999984741211,63.0,60.58000183105469,3618900.0,48.97727584838867
2016-02-09,59.93000030517578,54.40999984741211,59.880001068115234,55.7400016784668,7557500.0,45.06426239013672
2016-02-10,56.470001220703125,55.61000061035156,55.97999954223633,55.709999084472656,2671200.0,45.04001235961914
2016-02-11,55.22999954223633,52.79999923706055,54.68000030517578,53.68000030517578,5659600.0,43.3988037109375
2016-02-12,55.34000015258789,53.5,54.29999923706055,54.400001525878906,3965600.0,43.98091506958008
2016-02-16,55.97999954223633,54.380001068115234,55.060001373291016,55.959999084472656,3655500.0,45.242130279541016
2016-02-17,56.970001220703125,55.47999954223633,56.04999923706055,56.529998779296875,5821100.0,45.70295333862305
2016-02-18,59.439998626708984,56.119998931884766,57.0,58.68000030517578,3848400.0,47.441165924072266
2016-02-19,60.04999923706055,57.86000061035156,58.439998626708984,59.20000076293945,3924500.0,47.86157989501953
2016-02-22,60.380001068115234,59.15999984741211,59.529998779296875,60.33000183105469,2652700.0,48.7751579284668
2016-02-23,61.93000030517578,60.0099983215332,60.150001525878906,60.66999816894531,2796700.0,49.05004119873047
2016-02-24,61.650001525878906,60.119998931884766,60.380001068115234,61.540000915527344,2638900.0,49.75340270996094
2016-02-25,62.709999084472656,61.54999923706055,61.849998474121094,62.66999816894531,2582900.0,50.66697692871094
2016-02-26,63.689998626708984,62.459999084472656,62.619998931884766,63.5,2355300.0,51.3380126953125
2016-02-29,64.4000015258789,63.380001068115234,63.47999954223633,63.779998779296875,3214000.0,51.56437683105469
2016-03-01,66.0,64.0,64.1500015258789,65.9800033569336,2401000.0,53.34302520751953
2016-03-02,66.93000030517578,65.62999725341797,65.9800033569336,66.93000030517578,1878800.0,54.111061096191406
2016-03-03,67.2699966430664,65.05000305175781,67.01000213623047,65.98999786376953,3247600.0,53.35110855102539
2016-03-04,66.41999816894531,65.41999816894531,65.98999786376953,66.19000244140625,1936900.0,53.5128059387207
2016-03-07,67.16000366210938,65.43000030517578,65.75,66.87000274658203,1712400.0,54.06256103515625
2016-03-08,67.02999877929688,65.6500015258789,66.69999694824219,65.86000061035156,2232100.0,53.246002197265625
2016-03-09,66.8499984741211,65.8499984741211,66.01000213623047,66.5,1699700.0,53.76342010498047
2016-03-10,66.41999816894531,64.30999755859375,66.0,65.12999725341797,3297100.0,52.655818939208984
2016-03-11,66.66999816894531,65.62000274658203,65.63999938964844,66.55000305175781,3946900.0,53.80385208129883
2016-03-14,66.61000061035156,65.63999938964844,66.37999725341797,66.52999877929688,1974600.0,53.787681579589844
2016-03-15,66.47000122070312,64.76000213623047,66.27999877929688,65.75,2016500.0,53.157073974609375
2016-03-16,66.80999755859375,64.83000183105469,65.55000305175781,66.55000305175781,2416300.0,53.80385208129883
2016-03-17,67.73999786376953,66.37999725341797,66.83000183105469,67.56999969482422,2316200.0,54.62849426269531
2016-03-18,67.94000244140625,67.11000061035156,67.7300033569336,67.13999938964844,3598200.0,54.280853271484375
2016-03-21,67.5,66.77999877929688,66.97000122070312,66.83999633789062,1997900.0,54.038299560546875
2016-03-22,66.97000122070312,66.16000366210938,66.45999908447266,66.73999786376953,2214700.0,53.957462310791016
2016-03-23,67.37000274658203,66.2699966430664,66.81999969482422,66.87999725341797,1723400.0,54.070648193359375
2016-03-24,67.12999725341797,65.86000061035156,66.44999694824219,66.95999908447266,1630400.0,54.13533020019531
2016-03-28,68.04000091552734,66.83999633789062,66.97000122070312,67.6500015258789,1426900.0,54.693172454833984
2016-03-29,69.61000061035156,67.45999908447266,67.66000366210938,69.4000015258789,2527000.0,56.107994079589844
2016-03-30,69.5999984741211,68.80000305175781,69.54000091552734,68.87999725341797,1840300.0,55.687591552734375
2016-03-31,69.94000244140625,68.51000213623047,68.76000213623047,69.33999633789062,2994500.0,56.05948257446289
2016-04-01,69.4000015258789,68.0199966430664,68.37999725341797,69.16000366210938,1829700.0,55.91396713256836
2016-04-04,69.87999725341797,69.16999816894531,69.38999938964844,69.5999984741211,1941200.0,56.26969909667969
2016-04-05,70.1500015258789,68.97000122070312,69.48999786376953,69.41000366210938,1638600.0,56.116092681884766
2016-04-06,69.62000274658203,68.98999786376953,69.3499984741211,69.06999969482422,1845800.0,55.841209411621094
2016-04-07,69.68000030517578,68.52999877929688,68.94999694824219,68.7699966430664,2238900.0,55.59865951538086
2016-04-08,69.66000366210938,68.70999908447266,68.98999786376953,69.29000091552734,1827300.0,56.01907730102539
2016-04-11,69.9000015258789,69.19999694824219,69.47000122070312,69.55000305175781,1865800.0,56.22926712036133
2016-04-12,70.23999786376953,69.5199966430664,69.91999816894531,69.87999725341797,1390700.0,56.49605941772461
2016-04-13,70.0,69.4000015258789,70.0,69.63999938964844,1448300.0,56.302032470703125
2016-04-14,69.9000015258789,69.18000030517578,69.61000061035156,69.66999816894531,2051100.0,56.3262825012207
2016-04-15,70.31999969482422,69.52999877929688,69.62000274658203,69.80999755859375,1707600.0,56.43946838378906
2016-04-18,70.66000366210938,69.58000183105469,69.86000061035156,70.63999938964844,1396100.0,57.11050033569336
2016-04-19,71.33000183105469,70.48999786376953,70.66999816894531,71.33000183105469,1621200.0,57.66835021972656
2016-04-20,71.31999969482422,68.81999969482422,71.30000305175781,69.0199966430664,1863400.0,55.8007698059082
2016-04-21,69.1500015258789,66.55000305175781,69.0199966430664,66.62000274658203,2689200.0,53.86044692993164
2016-04-22,68.55999755859375,66.76000213623047,67.0,68.2699966430664,2100000.0,55.19443130493164
2016-04-25,69.30000305175781,68.0,68.20999908447266,69.30000305175781,1492600.0,56.02714920043945
2016-04-26,70.31999969482422,69.19000244140625,69.44000244140625,69.4000015258789,1345500.0,56.107994079589844
2016-04-27,69.91999816894531,68.80000305175781,69.23999786376953,69.80000305175781,1700200.0,56.4313850402832
2016-04-28,70.05999755859375,69.26000213623047,69.26000213623047,69.66000366210938,1423600.0,56.31820297241211
2016-04-29,69.66000366210938,68.44000244140625,69.20999908447266,69.41999816894531,1717600.0,56.124168395996094
2016-05-02,70.55999755859375,69.47000122070312,69.68000030517578,70.27999877929688,1787300.0,56.819454193115234
2016-05-03,72.36000061035156,69.6500015258789,69.97000122070312,71.8499984741211,2810100.0,58.0887451171875
2016-05-04,74.4800033569336,71.55000305175781,71.55000305175781,74.37999725341797,4959500.0,60.134185791015625
2016-05-05,74.5999984741211,73.0,74.05999755859375,73.7300033569336,3112500.0,59.60868453979492
2016-05-06,73.94999694824219,72.01000213623047,72.83999633789062,73.56999969482422,2348000.0,60.18128967285156
2016-05-09,74.95999908447266,73.4800033569336,73.9000015258789,74.69999694824219,2855400.0,61.105648040771484
2016-05-10,74.63999938964844,71.68000030517578,74.63999938964844,73.02999877929688,3785200.0,59.73957443237305
2016-05-11,72.98999786376953,70.5999984741211,72.94000244140625,71.05999755859375,3668500.0,58.12807846069336
2016-05-12,72.51000213623047,70.80999755859375,71.37999725341797,72.08999633789062,2018800.0,58.97062301635742
2016-05-13,72.02999877929688,71.11000061035156,71.94999694824219,71.7699966430664,1674100.0,58.70886993408203
2016-05-16,73.18000030517578,71.63999938964844,71.75,72.63999938964844,1397000.0,59.42054748535156
2016-05-17,72.5999984741211,71.04000091552734,72.58000183105469,71.61000061035156,1990200.0,58.5779914855957
2016-05-18,71.30999755859375,68.13999938964844,71.30999755859375,69.36000061035156,3956600.0,56.737457275390625
2016-05-19,68.95999908447266,68.22000122070312,68.55999755859375,68.4000015258789,3606300.0,55.9521598815918
2016-05-20,69.11000061035156,67.69999694824219,68.91999816894531,68.55000305175781,3383500.0,56.07487869262695
2016-05-23,68.94999694824219,68.18000030517578,68.80999755859375,68.31999969482422,2408400.0,55.88671875
2016-05-24,69.30999755859375,68.33999633789062,68.77999877929688,68.69000244140625,2180600.0,56.18938446044922
2016-05-25,68.95999908447266,67.5199966430664,68.80000305175781,68.61000061035156,2119200.0,56.12394332885742
2016-05-26,69.12999725341797,68.43000030517578,68.66999816894531,68.93000030517578,1383500.0,56.385704040527344
2016-05-27,69.75,68.93000030517578,68.94999694824219,69.2699966430664,1200600.0,56.66382598876953
2016-05-31,69.44999694824219,68.41000366210938,69.31999969482422,68.91000366210938,4403000.0,56.369361877441406
2016-06-01,69.37999725341797,68.5999984741211,68.75,68.98999786376953,1883800.0,56.43479537963867
2016-06-02,69.47000122070312,68.63999938964844,68.87000274658203,69.47000122070312,1756200.0,56.82744216918945
2016-06-03,71.5199966430664,70.0999984741211,70.16999816894531,71.31999969482422,3062100.0,58.34076690673828
2016-06-06,71.4000015258789,69.61000061035156,71.20999908447266,69.81999969482422,2831100.0,57.11374282836914
2016-06-07,70.83999633789062,69.81999969482422,70.02999877929688,70.70999908447266,2405500.0,57.84177017211914
2016-06-08,71.98999786376953,70.33000183105469,70.6500015258789,71.80999755859375,2252500.0,58.74158477783203
2016-06-09,72.37999725341797,71.33999633789062,71.58999633789062,72.1500015258789,2035500.0,59.01971435546875
2016-06-10,72.43000030517578,71.63999938964844,71.66000366210938,72.13999938964844,1905800.0,59.011539459228516
2016-06-13,73.27999877929688,72.23999786376953,72.23999786376953,72.70999908447266,2238400.0,59.47780990600586
2016-06-14,73.44000244140625,72.12000274658203,72.69999694824219,72.91000366210938,2904300.0,59.64141082763672
2016-06-15,73.91999816894531,72.86000061035156,72.95999908447266,73.5,2247400.0,60.124027252197266
2016-06-16,73.91999816894531,72.73999786376953,73.26000213623047,73.87000274658203,1816800.0,60.426700592041016
2016-06-17,74.7300033569336,73.19999694824219,73.73999786376953,74.25,7802400.0,60.73753356933594
2016-06-20,74.51000213623047,73.20999908447266,74.5,73.29000091552734,2667100.0,59.95225143432617
2016-06-21,73.76000213623047,72.80999755859375,73.37999725341797,73.43000030517578,2090000.0,60.06678009033203
2016-06-22,72.72000122070312,72.0,72.6500015258789,72.37000274658203,2070700.0,59.199684143066406
2016-06-23,73.18000030517578,71.94999694824219,73.0,73.04000091552734,1461600.0,59.747737884521484
2016-06-24,73.73999786376953,71.1500015258789,71.29000091552734,72.48999786376953,5415900.0,59.29784393310547
2016-06-27,73.66999816894531,71.9000015258789,72.1500015258789,73.36000061035156,2552200.0,60.00951385498047
2016-06-28,74.72000122070312,73.12999725341797,73.55999755859375,74.69999694824219,1904000.0,61.105648040771484
2016-06-29,75.79000091552734,74.43000030517578,74.8499984741211,75.5199966430664,2286500.0,61.77641677856445
2016-06-30,76.23999786376953,74.73999786376953,75.62999725341797,76.16999816894531,2499800.0,62.30812454223633
2016-07-01,77.18000030517578,75.97000122070312,76.1500015258789,76.19999694824219,2276700.0,62.33266830444336
2016-07-05,76.75,76.0,76.0199966430664,76.69999694824219,1670500.0,62.74167251586914
2016-07-06,76.7300033569336,75.9000015258789,76.45999908447266,76.38999938964844,2364500.0,62.48808670043945
2016-07-07,76.04000091552734,74.27999877929688,75.93000030517578,74.83999633789062,2301000.0,61.22017288208008
2016-07-08,75.8499984741211,74.52999877929688,75.33000183105469,75.62000274658203,2291400.0,61.85822296142578
2016-07-11,76.33000183105469,75.0,75.77999877929688,76.19999694824219,1420500.0,62.33266830444336
2016-07-12,76.58000183105469,75.5199966430664,76.13999938964844,76.0199966430664,1783800.0,62.18541717529297
2016-07-13,77.01000213623047,76.0,76.3499984741211,76.94999694824219,1746000.0,62.9461784362793
2016-07-14,76.97000122070312,75.68000030517578,76.94999694824219,76.16999816894531,1531300.0,62.30812454223633
2016-07-15,76.58000183105469,75.5999984741211,76.31999969482422,76.5,1507900.0,62.57807540893555
2016-07-18,77.37999725341797,76.37999725341797,76.62999725341797,77.19000244140625,1085800.0,63.142513275146484
2016-07-19,77.5999984741211,76.7699966430664,77.20999908447266,77.55999755859375,1517600.0,63.445167541503906
2016-07-20,77.62999725341797,77.1500015258789,77.4800033569336,77.61000061035156,1060000.0,63.48606872558594
2016-07-21,78.08000183105469,77.06999969482422,77.25,78.05999755859375,1070100.0,63.85417556762695
2016-07-22,79.13999938964844,77.91000366210938,78.0,78.75,1251700.0,64.4186019897461
2016-07-25,79.0999984741211,78.22000122070312,78.9000015258789,78.75,1137500.0,64.4186019897461
2016-07-26,78.69000244140625,77.5,78.6500015258789,77.7699966430664,1333200.0,63.61695098876953
2016-07-27,77.94000244140625,76.25,77.7699966430664,77.36000061035156,1740500.0,63.28156280517578
2016-07-28,78.58999633789062,77.05999755859375,77.2300033569336,78.37000274658203,1713200.0,64.10775756835938
2016-07-29,79.98999786376953,78.51000213623047,78.51000213623047,79.33000183105469,1925200.0,64.89305877685547
2016-08-01,80.19000244140625,78.61000061035156,79.31999969482422,79.61000061035156,1944800.0,65.1220932006836
2016-08-02,79.56999969482422,77.30999755859375,79.06999969482422,77.80000305175781,2352200.0,63.64149475097656
2016-08-03,77.83999633789062,75.91999816894531,77.55000305175781,77.45999908447266,2366400.0,63.36337661743164
2016-08-04,77.75,77.02999877929688,77.45999908447266,77.70999908447266,1467400.0,63.567867279052734
2016-08-05,77.37000274658203,76.16000366210938,76.94999694824219,76.37999725341797,1508500.0,63.17910385131836
2016-08-08,77.47000122070312,76.33999633789062,76.5,77.05000305175781,1577800.0,63.73332214355469
2016-08-09,78.4000015258789,76.11000061035156,76.94000244140625,78.26000213623047,2392700.0,64.73418426513672
2016-08-10,79.16999816894531,78.30999755859375,78.4800033569336,78.9000015258789,2022300.0,65.26358032226562
2016-08-11,78.93000030517578,77.30000305175781,78.86000061035156,77.75,2105300.0,64.31232452392578
2016-08-12,79.41999816894531,77.7300033569336,77.97000122070312,78.36000061035156,1676400.0,64.81689453125
2016-08-15,78.70999908447266,77.68000030517578,78.45999908447266,77.75,1663700.0,64.31232452392578
2016-08-16,77.69999694824219,76.37999725341797,77.55000305175781,76.66999816894531,1627500.0,63.41897964477539
2016-08-17,77.26000213623047,76.08999633789062,76.8499984741211,77.0,1999200.0,63.691925048828125
2016-08-18,77.26000213623047,76.41000366210938,77.0,76.88999938964844,1240800.0,63.600955963134766
2016-08-19,76.91999816894531,76.06999969482422,76.63999938964844,76.26000213623047,1774200.0,63.07984161376953
2016-08-22,76.97000122070312,76.27999877929688,76.45999908447266,76.63999938964844,1538200.0,63.3941650390625
2016-08-23,77.11000061035156,76.54000091552734,76.9800033569336,76.91000366210938,1178600.0,63.617515563964844
2016-08-24,77.1500015258789,75.8499984741211,76.91000366210938,76.29000091552734,1064800.0,63.10466003417969
2016-08-25,77.30000305175781,76.30000305175781,76.37999725341797,77.0,1446400.0,63.691925048828125
2016-08-26,77.58000183105469,75.13999938964844,77.13999938964844,75.77999877929688,1916100.0,62.682796478271484
2016-08-29,77.33999633789062,76.05000305175781,76.08999633789062,76.95999908447266,1485500.0,63.65885925292969
2016-08-30,77.22000122070312,76.23999786376953,77.11000061035156,77.0,1130000.0,63.691925048828125
2016-08-31,77.31999969482422,76.2300033569336,76.83000183105469,76.75,2266200.0,63.485164642333984
2016-09-01,76.79000091552734,75.9800033569336,76.75,76.43000030517578,1263100.0,63.220462799072266
2016-09-02,77.72000122070312,76.38999938964844,76.70999908447266,76.69999694824219,1676200.0,63.443790435791016
2016-09-06,77.97000122070312,76.44999694824219,76.94999694824219,77.91999816894531,1877900.0,64.45294189453125
2016-09-07,78.19000244140625,77.45999908447266,77.88999938964844,78.19000244140625,1289700.0,64.67628479003906
2016-09-08,77.87000274658203,77.01000213623047,77.80999755859375,77.37999725341797,3189400.0,64.00625610351562
2016-09-09,76.80999755859375,73.51000213623047,76.5199966430664,73.75,3189600.0,61.0036506652832
2016-09-12,75.0999984741211,73.37999725341797,73.62999725341797,74.7699966430664,2179700.0,61.84735870361328
2016-09-13,74.51000213623047,72.81999969482422,74.25,73.08999633789062,1896500.0,60.457706451416016
2016-09-14,74.19999694824219,73.11000061035156,73.45999908447266,73.54000091552734,1927400.0,60.829933166503906
2016-09-15,73.77999877929688,72.87000274658203,73.29000091552734,73.61000061035156,1579600.0,60.887855529785156
2016-09-16,73.55999755859375,72.77999877929688,73.37999725341797,73.19000244140625,3372400.0,60.540435791015625
2016-09-19,73.80999755859375,73.01000213623047,73.63999938964844,73.25,2751000.0,60.59007263183594
2016-09-20,73.95999908447266,73.16000366210938,73.95999908447266,73.18000030517578,2529200.0,60.53216552734375
2016-09-21,74.5,72.33999633789062,73.27999877929688,74.33999633789062,2891700.0,61.491676330566406
2016-09-22,76.29000091552734,74.88999938964844,74.91000366210938,76.08999633789062,2901600.0,62.93922424316406
2016-09-23,76.83000183105469,75.31999969482422,76.04000091552734,76.4000015258789,1666900.0,63.19564437866211
2016-09-26,77.12999725341797,75.91999816894531,75.91999816894531,76.80000305175781,2816400.0,63.52651596069336
2016-09-27,77.18000030517578,75.38999938964844,77.0199966430664,75.5199966430664,2404400.0,62.467735290527344
2016-09-28,76.54000091552734,75.58999633789062,75.58999633789062,76.44999694824219,1640000.0,63.237003326416016
2016-09-29,76.62000274658203,75.01000213623047,76.02999877929688,75.80999755859375,1722600.0,62.70761489868164
2016-09-30,76.88999938964844,74.72000122070312,76.41999816894531,74.7699966430664,2126300.0,61.84735870361328
2016-10-03,74.8499984741211,73.62000274658203,74.45999908447266,73.79000091552734,1850500.0,61.03673553466797
2016-10-04,73.76000213623047,71.48999786376953,73.69999694824219,71.87999725341797,2479800.0,59.45683670043945
2016-10-05,72.5199966430664,70.1500015258789,72.06999969482422,70.37999725341797,2847500.0,58.216087341308594
2016-10-06,70.77999877929688,69.11000061035156,70.16000366210938,70.33000183105469,3066000.0,58.17473220825195
2016-10-07,71.48999786376953,69.26000213623047,70.70999908447266,69.54000091552734,2749900.0,57.521278381347656
2016-10-10,70.38999938964844,69.5,69.5999984741211,69.79000091552734,1279000.0,57.72807312011719
2016-10-11,69.9800033569336,68.63999938964844,69.58999633789062,68.73999786376953,1775600.0,56.85953140258789
2016-10-12,69.45999908447266,68.7300033569336,68.75,69.12000274658203,1420300.0,57.17385482788086
2016-10-13,70.12000274658203,68.80999755859375,69.0,69.88999938964844,1594400.0,57.81077194213867
2016-10-14,70.69000244140625,68.91000366210938,70.69000244140625,69.43000030517578,1508600.0,57.43027877807617
2016-10-17,70.01000213623047,69.20999908447266,69.58999633789062,69.33000183105469,1496000.0,57.34756851196289
2016-10-18,70.73999786376953,69.70999908447266,69.9800033569336,70.33000183105469,1473400.0,58.17473220825195
2016-10-19,70.91999816894531,70.16000366210938,70.41999816894531,70.58999633789062,1963200.0,58.38978958129883
2016-10-20,71.12999725341797,70.30000305175781,70.61000061035156,70.87999725341797,1619500.0,58.629669189453125
2016-10-21,70.88999938964844,70.27999877929688,70.44999694824219,70.5,1266800.0,58.31536102294922
2016-10-24,71.69999694824219,70.48999786376953,70.8499984741211,70.86000061035156,1121400.0,58.61313247680664
2016-10-25,71.0999984741211,70.3499984741211,70.79000091552734,70.97000122070312,1118400.0,58.70412063598633
2016-10-26,70.58000183105469,69.27999877929688,70.44000244140625,69.69000244140625,1075600.0,57.645355224609375
2016-10-27,69.44999694824219,67.62000274658203,69.36000061035156,68.4000015258789,1864000.0,56.57830047607422
2016-10-28,69.1500015258789,68.11000061035156,68.76000213623047,68.44999694824219,1946300.0,56.61966323852539
2016-10-31,69.1500015258789,68.30000305175781,68.88999938964844,68.52999877929688,2497700.0,56.68582534790039
2016-11-01,68.54000091552734,66.45999908447266,68.27999877929688,67.41000366210938,3891600.0,55.7593994140625
2016-11-02,68.22000122070312,67.0,67.36000061035156,67.20999908447266,4007900.0,55.593963623046875
2016-11-03,67.06999969482422,65.75,67.06999969482422,65.9800033569336,3366200.0,54.57656478881836
2016-11-04,65.62999725341797,64.23999786376953,65.05000305175781,65.13999938964844,2634700.0,54.59331130981445
2016-11-07,66.2699966430664,64.93000030517578,65.9800033569336,66.23999786376953,2252000.0,55.51520919799805
2016-11-08,66.27999877929688,64.86000061035156,65.97000122070312,64.97000122070312,2692800.0,54.450843811035156
2016-11-09,63.91999816894531,61.38999938964844,63.2400016784668,62.75,4956100.0,52.590274810791016
2016-11-10,62.599998474121094,59.38999938964844,62.56999969482422,61.0099983215332,6131200.0,51.131988525390625
2016-11-11,62.06999969482422,60.709999084472656,60.810001373291016,61.52000045776367,3337500.0,51.55942153930664
2016-11-14,64.05999755859375,60.619998931884766,61.36000061035156,63.720001220703125,3366300.0,53.40322494506836
2016-11-15,65.1500015258789,62.36000061035156,63.869998931884766,62.7599983215332,2559800.0,52.59865188598633
2016-11-16,63.470001220703125,62.29999923706055,62.869998931884766,63.0099983215332,2493900.0,52.80817413330078
2016-11-17,63.470001220703125,61.66999816894531,63.040000915527344,61.97999954223633,2037900.0,51.9449462890625
2016-11-18,62.66999816894531,61.689998626708984,62.04999923706055,62.4900016784668,2177500.0,52.37237548828125
2016-11-21,63.0,61.720001220703125,62.75,61.849998474121094,2311200.0,51.83599090576172
2016-11-22,62.58000183105469,61.650001525878906,62.11000061035156,62.41999816894531,2598200.0,52.313697814941406
2016-11-23,62.31999969482422,61.380001068115234,61.900001525878906,62.18000030517578,2098700.0,52.1125602722168
2016-11-25,63.16999816894531,61.86000061035156,62.16999816894531,62.63999938964844,817000.0,52.49808883666992
2016-11-28,63.58000183105469,62.45000076293945,62.65999984741211,63.400001525878906,2467200.0,53.135032653808594
2016-11-29,64.2699966430664,63.04999923706055,63.439998626708984,64.19000244140625,2437900.0,53.79712677001953
2016-11-30,63.79999923706055,62.43000030517578,63.380001068115234,62.779998779296875,4513000.0,52.615413665771484
2016-12-01,62.59000015258789,61.08000183105469,62.540000915527344,61.40999984741211,2438700.0,51.467227935791016
2016-12-02,63.689998626708984,61.959999084472656,62.02000045776367,62.779998779296875,2688600.0,52.615413665771484
2016-12-05,63.11000061035156,62.06999969482422,62.72999954223633,62.65999984741211,2648600.0,52.51485061645508
2016-12-06,63.900001525878906,62.5099983215332,62.650001525878906,63.54999923706055,2460900.0,53.260746002197266
2016-12-07,65.30999755859375,63.7599983215332,63.869998931884766,65.2699966430664,2809900.0,54.702266693115234
2016-12-08,65.69999694824219,64.3499984741211,64.79000091552734,65.61000061035156,2119400.0,54.987220764160156
2016-12-09,66.45999908447266,65.4800033569336,65.52999877929688,65.66999816894531,1658700.0,55.037506103515625
2016-12-12,66.62000274658203,65.05000305175781,65.51000213623047,66.54000091552734,2087300.0,55.76664733886719
2016-12-13,66.7300033569336,66.0199966430664,66.63999938964844,66.58999633789062,2309700.0,55.80854034423828
2016-12-14,66.58999633789062,64.4000015258789,66.55999755859375,64.48999786376953,2747600.0,54.048553466796875
2016-12-15,64.5,63.04999923706055,64.2300033569336,63.34000015258789,4009700.0,53.084754943847656
2016-12-16,65.58000183105469,63.88999938964844,63.88999938964844,65.18000030517578,5069100.0,54.62683868408203
2016-12-19,66.9000015258789,65.7300033569336,65.7300033569336,66.37999725341797,1822400.0,55.632545471191406
2016-12-20,67.0,65.94000244140625,66.30999755859375,66.45999908447266,1386500.0,55.69959259033203
2016-12-21,67.19999694824219,65.25,66.47000122070312,65.30999755859375,1634600.0,54.73579025268555
2016-12-22,65.55999755859375,64.44999694824219,65.05000305175781,65.33999633789062,1288900.0,54.760929107666016
2016-12-23,65.72000122070312,65.05000305175781,65.44999694824219,65.51000213623047,908400.0,54.90341567993164
2016-12-27,66.0999984741211,65.23999786376953,65.55999755859375,65.86000061035156,1218800.0,55.196739196777344
2016-12-28,65.94000244140625,65.0199966430664,65.86000061035156,65.4000015258789,1007700.0,54.811214447021484
2016-12-29,66.2699966430664,65.12999725341797,65.52999877929688,65.7699966430664,1506500.0,55.12131118774414
2016-12-30,67.06999969482422,65.62999725341797,65.91000366210938,66.93000030517578,1688200.0,56.093502044677734
2017-01-03,67.11000061035156,65.83000183105469,67.11000061035156,66.16999816894531,2085000.0,55.456546783447266
2017-01-04,66.91000366210938,65.9000015258789,66.11000061035156,66.68000030517578,2070700.0,55.88397979736328
2017-01-05,68.31999969482422,66.38999938964844,67.30999755859375,68.16999816894531,2228000.0,57.13273239135742
2017-01-06,68.68000030517578,67.48999786376953,68.08000183105469,68.44999694824219,1908600.0,57.36739730834961
2017-01-09,68.86000061035156,67.9800033569336,68.5999984741211,68.4000015258789,1806600.0,57.32548904418945
2017-01-10,67.9000015258789,66.12000274658203,67.9000015258789,66.31999969482422,3252200.0,55.58226776123047
2017-01-11,67.05999755859375,65.70999908447266,66.30999755859375,66.4000015258789,2741100.0,55.64931106567383
2017-01-12,66.95999908447266,65.77999877929688,66.08999633789062,66.8499984741211,1611400.0,56.026451110839844
2017-01-13,67.08000183105469,66.20999908447266,66.7300033569336,66.66000366210938,1156500.0,55.867210388183594
2017-01-17,67.63999938964844,66.94000244140625,67.08000183105469,67.30000305175781,1468600.0,56.40359115600586
2017-01-18,67.62999725341797,66.97000122070312,67.27999877929688,67.08000183105469,2514800.0,56.21921920776367
2017-01-19,66.83999633789062,66.04000091552734,66.70999908447266,66.4000015258789,1770300.0,55.64931106567383
2017-01-20,66.80000305175781,65.80999755859375,66.16000366210938,66.76000213623047,1540800.0,55.951026916503906
2017-01-23,67.80999755859375,66.51000213623047,66.8499984741211,67.68000030517578,1884700.0,56.72207260131836
2017-01-24,67.98999786376953,66.94999694824219,67.5199966430664,67.30000305175781,1865800.0,56.40359115600586
2017-01-25,67.44000244140625,66.02999877929688,67.25,66.36000061035156,1571100.0,55.615787506103516
2017-01-26,66.88999938964844,65.94000244140625,66.4800033569336,66.13999938964844,1714600.0,55.43140411376953
2017-01-27,66.61000061035156,65.68000030517578,66.37000274658203,65.94000244140625,1189100.0,55.26378631591797
2017-01-30,66.58999633789062,65.69999694824219,66.05999755859375,66.33999633789062,1264200.0,55.59901809692383
2017-01-31,67.0199966430664,66.16000366210938,66.4800033569336,66.30000305175781,2561900.0,55.56550598144531
2017-02-01,66.66999816894531,65.23999786376953,66.1500015258789,65.2699966430664,2041500.0,54.702266693115234
2017-02-02,66.44999694824219,65.38999938964844,65.41999816894531,66.33999633789062,1726800.0,55.59901809692383
2017-02-03,66.29000091552734,65.12999725341797,65.66000366210938,65.43000030517578,1802100.0,55.565059661865234
2017-02-06,66.37999725341797,65.43000030517578,65.55999755859375,66.16999816894531,1807900.0,56.193485260009766
2017-02-07,66.66999816894531,65.77999877929688,66.33000183105469,65.87000274658203,1406900.0,55.938724517822266
2017-02-08,66.43000030517578,65.9000015258789,65.9000015258789,66.02999877929688,2013300.0,56.07459259033203
2017-02-09,66.26000213623047,65.19999694824219,66.02999877929688,65.38999938964844,1653300.0,55.531089782714844
2017-02-10,65.88999938964844,65.05000305175781,65.27999877929688,65.87000274658203,1462000.0,55.938724517822266
2017-02-13,66.58999633789062,65.55999755859375,66.0,66.29000091552734,1747000.0,56.295387268066406
2017-02-14,66.4800033569336,64.87000274658203,66.44000244140625,65.51000213623047,1346800.0,55.63300323486328
2017-02-15,65.69000244140625,64.62999725341797,65.23999786376953,65.58000183105469,1692800.0,55.692440032958984
2017-02-16,66.88999938964844,65.66999816894531,65.66999816894531,66.08000183105469,1347400.0,56.117061614990234
2017-02-17,66.63999938964844,65.37999725341797,66.41999816894531,65.91999816894531,2199300.0,55.98118591308594
2017-02-21,67.08999633789062,65.51000213623047,66.02999877929688,66.94000244140625,2031400.0,56.8474006652832
2017-02-22,68.30999755859375,67.11000061035156,67.80999755859375,67.69999694824219,2667300.0,57.4928092956543
2017-02-23,68.94999694824219,67.58999633789062,68.02999877929688,68.8499984741211,1773200.0,58.46942138671875
2017-02-24,70.0999984741211,68.22000122070312,68.80999755859375,70.05999755859375,2476800.0,59.49698257446289
2017-02-27,70.52999877929688,69.76000213623047,69.91000366210938,70.04000091552734,1572800.0,59.47999954223633
2017-02-28,70.7300033569336,69.86000061035156,70.04000091552734,70.37999725341797,2360900.0,59.768741607666016
2017-03-01,70.11000061035156,69.01000213623047,69.75,69.4800033569336,2405900.0,59.00443649291992
2017-03-02,70.04000091552734,68.75,69.2300033569336,69.94999694824219,2183800.0,59.403564453125
2017-03-03,69.94000244140625,68.81999969482422,69.94000244140625,69.56999969482422,1447000.0,59.080867767333984
2017-03-06,69.5199966430664,68.25,69.08000183105469,68.54000091552734,1477400.0,58.20616149902344
2017-03-07,68.62000274658203,67.69000244140625,68.30999755859375,68.48999786376953,1218100.0,58.16370391845703
2017-03-08,68.0,66.97000122070312,67.80999755859375,67.0199966430664,1863900.0,56.91533279418945
2017-03-09,67.12000274658203,65.58999633789062,66.97000122070312,65.80000305175781,1913600.0,55.879268646240234
2017-03-10,66.91999816894531,65.75,65.80000305175781,66.16999816894531,2174300.0,56.193485260009766
2017-03-13,66.66000366210938,65.3499984741211,66.16999816894531,66.0,2061200.0,56.04911804199219
2017-03-14,66.13999938964844,65.26000213623047,65.86000061035156,66.05000305175781,1726400.0,56.09157180786133
2017-03-15,67.36000061035156,66.12000274658203,66.2699966430664,67.23999786376953,2294800.0,57.1021614074707
2017-03-16,67.55999755859375,66.91999816894531,67.0,67.29000091552734,1709000.0,57.144622802734375
2017-03-17,67.93000030517578,67.06999969482422,67.44000244140625,67.27999877929688,3462700.0,57.13613510131836
2017-03-20,68.19999694824219,67.20999908447266,67.95999908447266,67.77999877929688,2160800.0,57.560752868652344
2017-03-21,68.16000366210938,67.51000213623047,67.91000366210938,67.81999969482422,1933200.0,57.59470748901367
2017-03-22,68.80000305175781,67.83000183105469,68.0,68.66000366210938,1740100.0,58.30806350708008
2017-03-23,70.30000305175781,68.44000244140625,68.69999694824219,69.5999984741211,2576200.0,59.106353759765625
2017-03-24,69.97000122070312,69.52999877929688,69.77999877929688,69.66999816894531,2364100.0,59.16579055786133
2017-03-27,70.77999877929688,69.55000305175781,69.75,70.12999725341797,2424400.0,59.55644607543945
2017-03-28,70.68000030517578,69.83999633789062,70.02999877929688,70.61000061035156,1931400.0,59.96406173706055
2017-03-29,71.08000183105469,70.44000244140625,70.52999877929688,70.93000030517578,2334600.0,60.235809326171875
2017-03-30,70.9800033569336,70.25,70.7300033569336,70.77999877929688,1818200.0,60.108428955078125
2017-03-31,71.13999938964844,70.4800033569336,70.6500015258789,70.81999969482422,2650400.0,60.14240646362305
2017-04-03,71.25,70.5,70.81999969482422,71.1500015258789,2027400.0,60.42264175415039
2017-04-04,71.1500015258789,70.44999694824219,71.1500015258789,70.58000183105469,2834800.0,59.938594818115234
2017-04-05,71.52999877929688,70.44000244140625,70.5999984741211,71.30000305175781,2141300.0,60.5500373840332
2017-04-06,71.86000061035156,70.83000183105469,71.22000122070312,71.58000183105469,2189700.0,60.78782653808594
2017-04-07,72.4800033569336,71.62999725341797,71.62999725341797,72.26000213623047,2163000.0,61.36529541015625
2017-04-10,73.02999877929688,72.0199966430664,72.2699966430664,72.88999938964844,1676800.0,61.90030288696289
2017-04-11,73.08999633789062,72.63999938964844,72.87999725341797,72.79000091552734,1274800.0,61.81538009643555
2017-04-12,73.16999816894531,72.44999694824219,72.79000091552734,72.93000030517578,1523300.0,61.93427658081055
2017-04-13,73.31999969482422,72.69000244140625,72.88999938964844,72.8499984741211,1819300.0,61.86632537841797
2017-04-17,73.45999908447266,73.04000091552734,73.1500015258789,73.38999938964844,1304000.0,62.32492446899414
2017-04-18,74.5,73.30999755859375,73.44000244140625,74.23999786376953,2448600.0,63.04676818847656
2017-04-19,74.25,73.56999969482422,74.16999816894531,73.87000274658203,2300700.0,62.73255157470703
2017-04-20,74.11000061035156,73.58999633789062,73.76000213623047,74.06999969482422,1617700.0,62.90238952636719
2017-04-21,74.27999877929688,73.55999755859375,73.80999755859375,73.68000030517578,2306800.0,62.571205139160156
2017-04-24,73.94000244140625,71.43000030517578,73.87000274658203,72.5,2955300.0,61.56910705566406
2017-04-25,72.7300033569336,72.1500015258789,72.48999786376953,72.66999816894531,1112300.0,61.71347427368164
2017-04-26,72.4800033569336,71.68000030517578,72.43000030517578,71.83000183105469,1562600.0,61.000125885009766
2017-04-27,72.76000213623047,71.5199966430664,71.83000183105469,72.16000366210938,1287700.0,61.280372619628906
2017-04-28,72.05000305175781,70.58000183105469,72.05000305175781,71.44000244140625,1922700.0,60.66893005371094
2017-05-01,71.98999786376953,70.93000030517578,71.52999877929688,71.19999694824219,1670900.0,60.46511459350586
2017-05-02,71.44000244140625,70.41000366210938,71.30000305175781,70.75,2528600.0,60.08294677734375
2017-05-03,71.16000366210938,69.55999755859375,70.9800033569336,69.80999755859375,2182100.0,59.2846794128418
2017-05-04,70.01000213623047,68.94999694824219,69.75,69.86000061035156,1971600.0,59.32714080810547
2017-05-05,69.93000030517578,68.75,68.91000366210938,69.80000305175781,1888200.0,60.0236930847168
2017-05-08,69.95999908447266,69.01000213623047,69.94999694824219,69.72000122070312,1813200.0,59.954891204833984
2017-05-09,69.80999755859375,68.66000366210938,69.75,69.02999877929688,1659900.0,59.36153793334961
2017-05-10,70.19999694824219,68.8499984741211,69.16999816894531,70.01000213623047,1498400.0,60.20427703857422
2017-05-11,71.56999969482422,69.44000244140625,69.80000305175781,71.5,1856300.0,61.48558807373047
2017-05-12,72.30000305175781,71.48999786376953,71.69000244140625,71.8499984741211,2421100.0,61.78654479980469
2017-05-15,72.63999938964844,71.61000061035156,72.0,71.66000366210938,1496600.0,61.62318801879883
2017-05-16,71.9800033569336,71.05999755859375,71.79000091552734,71.5999984741211,1395300.0,61.57157897949219
2017-05-17,72.87999725341797,71.45999908447266,71.66999816894531,72.26000213623047,2540000.0,62.13914489746094
2017-05-18,73.0999984741211,71.9000015258789,72.31999969482422,72.93000030517578,1941800.0,62.715301513671875
2017-05-19,73.44999694824219,72.36000061035156,73.20999908447266,73.23999786376953,1910900.0,62.98188018798828
2017-05-22,73.56999969482422,72.87999725341797,73.19999694824219,73.4000015258789,1664700.0,63.11947250366211
2017-05-23,73.93000030517578,73.22000122070312,73.52999877929688,73.25,1647700.0,62.990478515625
2017-05-24,73.88999938964844,73.4000015258789,73.41999816894531,73.52999877929688,1123700.0,63.23125457763672
2017-05-25,73.75,73.11000061035156,73.58000183105469,73.16000366210938,1248900.0,62.913089752197266
2017-05-26,73.4800033569336,72.37000274658203,73.33000183105469,72.52999877929688,1381000.0,62.37131881713867
2017-05-30,72.97000122070312,72.33999633789062,72.5,72.5,1245200.0,62.34552764892578
2017-05-31,72.97000122070312,72.38999938964844,72.51000213623047,72.54000091552734,2493400.0,62.37992858886719
2017-06-01,73.0199966430664,71.79000091552734,72.37999725341797,72.95999908447266,1495200.0,62.741092681884766
2017-06-02,74.08999633789062,73.23999786376953,73.33999633789062,73.79000091552734,1483500.0,63.45484924316406
2017-06-05,73.6500015258789,73.08000183105469,73.56999969482422,73.47000122070312,874200.0,63.17966842651367
2017-06-06,73.6500015258789,72.95999908447266,73.61000061035156,73.02999877929688,884600.0,62.80129623413086
2017-06-07,73.37999725341797,72.86000061035156,73.02999877929688,73.18000030517578,1341000.0,62.9302864074707
2017-06-08,73.3499984741211,72.11000061035156,73.18000030517578,72.9000015258789,1110800.0,62.68949508666992
2017-06-09,73.55999755859375,72.41000366210938,72.83999633789062,73.44999694824219,1231600.0,63.16246795654297
2017-06-12,74.04000091552734,73.05999755859375,73.45999908447266,74.04000091552734,2035300.0,63.669822692871094
2017-06-13,74.33999633789062,73.66999816894531,73.95999908447266,74.13999938964844,1555300.0,63.75582504272461
2017-06-14,75.58999633789062,74.16000366210938,74.94000244140625,74.44000244140625,2332100.0,64.01380920410156
2017-06-15,75.20999908447266,74.05000305175781,74.1500015258789,74.66999816894531,1722000.0,64.21159362792969
2017-06-16,76.06999969482422,74.69999694824219,74.81999969482422,75.5999984741211,3944200.0,65.01133728027344
2017-06-19,76.25,75.44999694824219,75.66999816894531,76.25,2035200.0,65.57029724121094
2017-06-20,77.2300033569336,76.0199966430664,76.30000305175781,76.91999816894531,2215100.0,66.14645385742188
2017-06-21,77.19999694824219,76.52999877929688,76.94000244140625,77.1500015258789,1762900.0,66.34424591064453
2017-06-22,77.69999694824219,76.69000244140625,77.04000091552734,77.48999786376953,1638800.0,66.63661193847656
2017-06-23,78.16999816894531,77.12000274658203,77.31999969482422,77.43000030517578,2210200.0,66.58502960205078
2017-06-26,78.0,77.16999816894531,77.66999816894531,77.66000366210938,1107700.0,66.7828140258789
2017-06-27,77.79000091552734,76.36000061035156,77.41999816894531,76.5,1476600.0,65.78526306152344
2017-06-28,77.22000122070312,76.04000091552734,76.5199966430664,76.52999877929688,1367100.0,65.81108093261719
2017-06-29,76.33000183105469,74.45999908447266,76.16000366210938,74.5,2109900.0,64.0654067993164
2017-06-30,75.37999725341797,74.44000244140625,74.83000183105469,74.8499984741211,1903100.0,64.36638641357422
2017-07-03,75.91000366210938,74.73999786376953,75.13999938964844,75.76000213623047,934900.0,65.14891815185547
2017-07-05,75.79000091552734,74.6500015258789,75.79000091552734,75.08999633789062,1351000.0,64.57276153564453
2017-07-06,74.76000213623047,73.0199966430664,74.76000213623047,73.06999969482422,1490100.0,62.8356819152832
2017-07-07,73.25,72.16000366210938,73.0999984741211,72.9000015258789,1527200.0,62.68949508666992
2017-07-10,73.19000244140625,72.48999786376953,73.04000091552734,72.52999877929688,1118000.0,62.37131881713867
2017-07-11,72.9000015258789,72.08000183105469,72.58000183105469,72.61000061035156,983600.0,62.44012451171875
2017-07-12,73.93000030517578,73.12999725341797,73.12999725341797,73.70999908447266,1020800.0,63.38604736328125
2017-07-13,73.66000366210938,73.11000061035156,73.54000091552734,73.30000305175781,956400.0,63.033477783203125
2017-07-14,74.0999984741211,73.54000091552734,73.88999938964844,73.75,1087700.0,63.420433044433594
2017-07-17,74.19000244140625,73.51000213623047,73.72000122070312,73.8499984741211,1286300.0,63.50643539428711
2017-07-18,74.31999969482422,73.63999938964844,73.91999816894531,74.05000305175781,1255700.0,63.678428649902344
2017-07-19,74.2699966430664,73.56999969482422,74.01000213623047,74.12999725341797,1190700.0,63.74721908569336
2017-07-20,74.48999786376953,73.68000030517578,74.31999969482422,73.69999694824219,1327100.0,63.3774528503418
2017-07-21,74.19000244140625,73.30000305175781,73.66999816894531,73.93000030517578,1227400.0,63.57524108886719
2017-07-24,74.08000183105469,72.80000305175781,73.95999908447266,73.1500015258789,1854700.0,62.904483795166016
2017-07-25,73.3499984741211,72.29000091552734,73.30999755859375,73.01000213623047,1623900.0,62.784095764160156
2017-07-26,73.58000183105469,72.66000366210938,73.04000091552734,73.29000091552734,1007700.0,63.02487564086914
2017-07-27,73.44999694824219,72.19999694824219,73.0,72.79000091552734,1396800.0,62.594905853271484
2017-07-28,74.4000015258789,72.47000122070312,74.4000015258789,73.06999969482422,1365200.0,62.8356819152832
2017-07-31,73.61000061035156,72.4000015258789,73.20999908447266,73.38999938964844,2125100.0,63.11087417602539
2017-08-01,73.68000030517578,71.66999816894531,73.5999984741211,72.31999969482422,2091600.0,62.19073486328125
2017-08-02,72.44999694824219,71.83000183105469,72.12000274658203,72.43000030517578,1455900.0,62.28533172607422
2017-08-03,73.18000030517578,71.88999938964844,72.43000030517578,73.05999755859375,1632200.0,62.82708740234375
2017-08-04,72.33000183105469,71.68000030517578,72.19999694824219,71.83000183105469,1361400.0,62.513790130615234
2017-08-07,72.33000183105469,71.37999725341797,71.83000183105469,71.91999816894531,1253100.0,62.592105865478516
2017-08-08,72.18000030517578,71.4800033569336,71.73999786376953,71.94000244140625,1536000.0,62.6095085144043
2017-08-09,72.19999694824219,71.16999816894531,72.0,71.23999786376953,1222400.0,62.000308990478516
2017-08-10,71.52999877929688,70.5199966430664,71.20999908447266,70.5999984741211,1486100.0,61.44331359863281
2017-08-11,70.88999938964844,69.8499984741211,70.88999938964844,70.4000015258789,1346500.0,61.269248962402344
2017-08-14,71.9800033569336,70.5,70.62999725341797,71.75,1605700.0,62.44416046142578
2017-08-15,71.55999755859375,70.81999969482422,71.55999755859375,71.23999786376953,1590700.0,62.000308990478516
2017-08-16,72.37999725341797,71.29000091552734,71.44999694824219,72.0,1661400.0,62.66172790527344
2017-08-17,72.25,71.0999984741211,71.7300033569336,71.0999984741211,1368500.0,61.87845230102539
2017-08-18,71.27999877929688,70.55999755859375,71.20999908447266,70.6500015258789,1403700.0,61.4868278503418
2017-08-21,72.1500015258789,70.56999969482422,70.7699966430664,71.9800033569336,1378000.0,62.64432907104492
2017-08-22,72.08000183105469,70.76000213623047,71.9800033569336,70.93000030517578,1176700.0,61.73050308227539
2017-08-23,71.80000305175781,70.76000213623047,70.9000015258789,71.58000183105469,930200.0,62.29621505737305
2017-08-24,71.9800033569336,71.30999755859375,71.51000213623047,71.41000366210938,1510300.0,62.14826583862305
2017-08-25,72.3499984741211,71.6500015258789,71.79000091552734,71.91999816894531,1300800.0,62.592105865478516
2017-08-28,72.0999984741211,71.0999984741211,72.01000213623047,71.23999786376953,931700.0,62.000308990478516
2017-08-29,72.2300033569336,71.37999725341797,71.48999786376953,71.93000030517578,1509300.0,62.60081100463867
2017-08-30,72.70999908447266,71.80000305175781,71.80999755859375,72.51000213623047,2275000.0,63.1055908203125
2017-08-31,73.41000366210938,72.62000274658203,72.80999755859375,73.22000122070312,2598000.0,63.72350311279297
2017-09-01,73.77999877929688,73.19000244140625,73.2300033569336,73.66999816894531,1731000.0,64.1151351928711
2017-09-05,74.4000015258789,73.63999938964844,73.86000061035156,74.05999755859375,2399000.0,64.45454406738281
2017-09-06,74.62999725341797,73.45999908447266,74.2300033569336,73.66999816894531,2253700.0,64.1151351928711
2017-09-07,74.22000122070312,73.48999786376953,73.81999969482422,73.98999786376953,1085300.0,64.39363098144531
2017-09-08,74.80999755859375,73.76000213623047,73.91000366210938,74.66999816894531,1451100.0,64.98544311523438
2017-09-11,75.43000030517578,74.3499984741211,74.56999969482422,75.36000061035156,1722400.0,65.58592987060547
2017-09-12,75.58000183105469,74.02999877929688,75.25,74.33999633789062,1424100.0,64.69823455810547
2017-09-13,74.4800033569336,73.81999969482422,74.26000213623047,74.0999984741211,1490100.0,64.4893569946289
2017-09-14,74.44999694824219,73.5,74.01000213623047,74.44999694824219,1651300.0,64.79397583007812
2017-09-15,74.62000274658203,73.61000061035156,74.26000213623047,74.56999969482422,2810000.0,64.8984146118164
2017-09-18,74.70999908447266,73.94999694824219,74.5199966430664,74.30999755859375,1430500.0,64.67212677001953
2017-09-19,74.62999725341797,73.2699966430664,74.4000015258789,73.43000030517578,1681200.0,63.90627670288086
2017-09-20,73.87000274658203,72.9000015258789,73.70999908447266,73.19999694824219,2130200.0,63.706085205078125
2017-09-21,73.4000015258789,72.16999816894531,73.19000244140625,72.19999694824219,1566100.0,62.835792541503906
2017-09-22,72.38999938964844,70.80000305175781,72.33000183105469,70.95999908447266,1853100.0,61.756622314453125
2017-09-25,71.51000213623047,70.93000030517578,71.08999633789062,71.30999755859375,1513100.0,62.06121826171875
2017-09-26,71.9000015258789,70.68000030517578,71.23999786376953,71.80999755859375,2813100.0,62.496368408203125
2017-09-27,71.66000366210938,69.7699966430664,71.25,69.91000366210938,2379700.0,60.84281539916992
2017-09-28,70.5999984741211,69.7699966430664,69.80999755859375,70.58000183105469,1152300.0,61.4259147644043
2017-09-29,70.95999908447266,69.95999908447266,70.36000061035156,70.27999877929688,2062000.0,61.16481018066406
2017-10-02,70.87000274658203,69.48999786376953,70.87000274658203,69.55000305175781,1777700.0,60.529502868652344
2017-10-03,70.19999694824219,69.20999908447266,69.5999984741211,69.44000244140625,1546600.0,60.43376159667969
2017-10-04,68.9800033569336,68.0,68.9800033569336,68.62999725341797,3287100.0,59.72881317138672
2017-10-05,69.18000030517578,68.41000366210938,68.88999938964844,68.5199966430664,2052800.0,59.63308334350586
2017-10-06,68.38999938964844,67.45999908447266,68.30000305175781,68.3499984741211,2905100.0,59.4851188659668
2017-10-09,68.81999969482422,68.18000030517578,68.4000015258789,68.25,1268500.0,59.39809799194336
2017-10-10,68.72000122070312,67.61000061035156,68.43000030517578,68.01000213623047,2688900.0,59.18922805786133
2017-10-11,68.30000305175781,67.73999786376953,67.97000122070312,67.94000244140625,1988400.0,59.12831115722656
2017-10-12,68.01000213623047,67.08999633789062,67.83999633789062,68.01000213623047,1382300.0,59.18922805786133
2017-10-13,68.55999755859375,67.83999633789062,68.3499984741211,68.19999694824219,1923900.0,59.354576110839844
2017-10-16,68.43000030517578,67.76000213623047,68.25,68.06999969482422,1274900.0,59.2414436340332
2017-10-17,68.29000091552734,67.62999725341797,67.75,68.19000244140625,1273400.0,59.34587478637695
2017-10-18,68.51000213623047,67.83000183105469,68.19000244140625,68.30999755859375,1268900.0,59.45030975341797
2017-10-19,68.6500015258789,67.9800033569336,68.31999969482422,68.18000030517578,1221100.0,59.337181091308594
2017-10-20,68.20999908447266,67.75,68.20999908447266,68.16999816894531,1530000.0,59.3284797668457
2017-10-23,68.38999938964844,67.37000274658203,68.3499984741211,67.48999786376953,1339300.0,58.736663818359375
2017-10-24,67.63999938964844,66.55999755859375,67.5199966430664,66.8499984741211,1657600.0,58.1796760559082
2017-10-25,66.76000213623047,65.4000015258789,66.37000274658203,66.19999694824219,1557500.0,57.613975524902344
2017-10-26,66.86000061035156,65.62999725341797,66.66000366210938,65.76000213623047,1133300.0,57.231048583984375
2017-10-27,67.81999969482422,65.69999694824219,65.72000122070312,67.16000366210938,1930300.0,58.449466705322266
2017-10-30,67.43000030517578,66.80000305175781,67.1500015258789,67.20999908447266,1276500.0,58.492977142333984
2017-10-31,67.2300033569336,66.18000030517578,67.11000061035156,66.95999908447266,1384800.0,58.27540969848633
2017-11-01,67.43000030517578,66.66999816894531,67.0,67.0199966430664,1192800.0,58.32763671875
2017-11-02,68.08999633789062,67.18000030517578,67.26000213623047,67.72000122070312,1884000.0,58.93684768676758
2017-11-03,68.25,67.30999755859375,67.43000030517578,68.1500015258789,1396500.0,59.311073303222656
2017-11-06,68.0199966430664,67.38999938964844,67.69000244140625,68.0,2126000.0,59.94578552246094
2017-11-07,69.80000305175781,68.30000305175781,69.06999969482422,68.58999633789062,2738000.0,60.46589279174805
2017-11-08,69.19000244140625,68.19999694824219,68.55000305175781,68.75,2142700.0,60.60695266723633
2017-11-09,68.87999725341797,68.0199966430664,68.5,68.27999877929688,1452300.0,60.19261932373047
2017-11-10,68.52999877929688,68.0,68.0,68.12000274658203,1400100.0,60.05157470703125
2017-11-13,68.55000305175781,67.94000244140625,68.19999694824219,68.31999969482422,2534700.0,60.22788619995117
2017-11-14,68.73999786376953,67.9000015258789,68.12000274658203,68.08999633789062,1378000.0,60.025123596191406
2017-11-15,68.41999816894531,67.72000122070312,68.11000061035156,67.73999786376953,2358900.0,59.716583251953125
2017-11-16,68.3499984741211,67.62000274658203,67.73999786376953,67.94000244140625,1784800.0,59.89290237426758
2017-11-17,68.16000366210938,67.79000091552734,67.79000091552734,67.95999908447266,1358900.0,59.9105224609375
2017-11-20,68.1500015258789,67.4000015258789,68.08000183105469,67.93000030517578,1297900.0,59.88407897949219
2017-11-21,68.62999725341797,68.0,68.04000091552734,68.29000091552734,2183000.0,60.201438903808594
2017-11-22,68.44999694824219,67.97000122070312,68.08999633789062,68.16999816894531,1263900.0,60.09565353393555
2017-11-24,68.5999984741211,68.13999938964844,68.41000366210938,68.26000213623047,462200.0,60.17498779296875
2017-11-27,68.2699966430664,67.45999908447266,68.19000244140625,67.47000122070312,1209900.0,59.47856903076172
2017-11-28,67.61000061035156,66.63999938964844,67.5,67.12000274658203,1586100.0,59.17002487182617
2017-11-29,67.47000122070312,66.69999694824219,67.0199966430664,67.27999877929688,1593000.0,59.31106948852539
2017-11-30,67.87999725341797,66.94999694824219,67.80999755859375,67.45999908447266,2523900.0,59.46975326538086
2017-12-01,68.22000122070312,67.11000061035156,67.70999908447266,67.95999908447266,2051700.0,59.9105224609375
2017-12-04,68.20999908447266,66.7699966430664,68.08999633789062,67.12999725341797,2467100.0,59.178829193115234
2017-12-05,67.25,65.97000122070312,66.98999786376953,66.12000274658203,2672600.0,58.2884635925293
2017-12-06,66.66999816894531,65.75,66.12000274658203,66.29000091552734,2226100.0,58.43832015991211
2017-12-07,67.0,65.98999786376953,66.29000091552734,66.19000244140625,2548800.0,58.35017395019531
2017-12-08,66.62999725341797,66.12999725341797,66.29000091552734,66.31999969482422,2018200.0,58.46477127075195
2017-12-11,66.30000305175781,65.69000244140625,65.9800033569336,65.91999816894531,2106800.0,58.11215591430664
2017-12-12,66.44999694824219,65.58000183105469,65.97000122070312,66.12000274658203,2458800.0,58.2884635925293
2017-12-13,66.87000274658203,66.26000213623047,66.33999633789062,66.41000366210938,2331200.0,58.544124603271484
2017-12-14,66.62999725341797,66.08000183105469,66.26000213623047,66.29000091552734,1906600.0,58.43832015991211
2017-12-15,67.25,66.38999938964844,66.62000274658203,66.94000244140625,4753500.0,59.011348724365234
2017-12-18,67.80000305175781,67.06999969482422,67.0999984741211,67.33999633789062,1622700.0,59.36396408081055
2017-12-19,67.23999786376953,64.11000061035156,67.05000305175781,64.4800033569336,4094300.0,56.842716217041016
2017-12-20,65.12000274658203,63.650001525878906,64.4800033569336,63.65999984741211,2182200.0,56.11983108520508
2017-12-21,63.970001220703125,63.2599983215332,63.810001373291016,63.47999954223633,1871900.0,55.96116256713867
2017-12-22,63.869998931884766,63.279998779296875,63.439998626708984,63.400001525878906,1586200.0,55.89063262939453
2017-12-26,64.08000183105469,63.150001525878906,63.349998474121094,63.4900016784668,1811600.0,55.969970703125
2017-12-27,63.75,63.119998931884766,63.709999084472656,63.27000045776367,1565400.0,55.776023864746094
2017-12-28,63.7400016784668,63.060001373291016,63.279998779296875,63.720001220703125,1276900.0,56.1727294921875
2017-12-29,64.29000091552734,63.5099983215332,63.70000076293945,63.77000045776367,1378500.0,56.2168083190918
2018-01-02,64.5,63.66999816894531,63.90999984741211,64.02999877929688,1997300.0,56.446006774902344
2018-01-03,64.68000030517578,63.95000076293945,64.30000305175781,64.13999938964844,1832600.0,56.54298782348633
2018-01-04,64.1500015258789,62.72999954223633,64.11000061035156,62.7599983215332,1993500.0,55.326438903808594
2018-01-05,62.97999954223633,62.209999084472656,62.84000015258789,62.369998931884766,2003300.0,54.98263168334961
2018-01-08,62.84000015258789,62.33000183105469,62.400001525878906,62.59000015258789,1623200.0,55.176570892333984
2018-01-09,62.619998931884766,61.29999923706055,62.5,61.369998931884766,2032800.0,54.10107421875
2018-01-10,61.20000076293945,60.70000076293945,61.08000183105469,60.709999084472656,3072900.0,53.519248962402344
2018-01-11,61.43000030517578,60.13999938964844,61.040000915527344,60.16999816894531,2414300.0,53.043212890625
2018-01-12,60.310001373291016,58.97999954223633,60.310001373291016,59.15999984741211,2686600.0,52.152828216552734
2018-01-16,60.720001220703125,59.20000076293945,59.29999923706055,59.2599983215332,3144800.0,52.240989685058594
2018-01-17,60.189998626708984,59.0099983215332,59.58000183105469,60.11000061035156,4696000.0,52.99031448364258
2018-01-18,59.900001525878906,58.959999084472656,59.900001525878906,59.290000915527344,3496400.0,52.267433166503906
2018-01-19,59.31999969482422,58.2400016784668,59.290000915527344,59.290000915527344,3011000.0,52.267433166503906
2018-01-22,59.709999084472656,59.0099983215332,59.2599983215332,59.33000183105469,2817900.0,52.302696228027344
2018-01-23,60.5099983215332,59.279998779296875,59.66999816894531,60.31999969482422,2759300.0,53.175437927246094
2018-01-24,60.939998626708984,60.150001525878906,60.27000045776367,60.540000915527344,2368100.0,53.369384765625
2018-01-25,60.90999984741211,60.40999984741211,60.529998779296875,60.84000015258789,2134400.0,53.63385009765625
2018-01-26,60.9900016784668,60.09000015258789,60.970001220703125,60.59000015258789,2206400.0,53.4134635925293
2018-01-29,60.22999954223633,58.9900016784668,60.150001525878906,59.52000045776367,2085500.0,52.470191955566406
2018-01-30,59.88999938964844,58.529998779296875,59.439998626708984,58.529998779296875,2444700.0,51.59745407104492
2018-01-31,60.0099983215332,58.599998474121094,58.650001525878906,59.970001220703125,4265600.0,52.86689376831055
2018-02-01,60.290000915527344,57.939998626708984,60.0,58.040000915527344,2609300.0,51.165496826171875
2018-02-02,58.81999969482422,56.88999938964844,57.56999969482422,58.45000076293945,2827500.0,51.52693557739258
2018-02-05,58.86000061035156,56.40999984741211,58.369998931884766,56.529998779296875,3525100.0,49.83434295654297
2018-02-06,57.279998779296875,55.290000915527344,55.90999984741211,57.209999084472656,3943300.0,50.43380355834961
2018-02-07,58.099998474121094,56.43000030517578,57.11000061035156,56.54999923706055,3239700.0,49.85197067260742
2018-02-08,57.209999084472656,54.65999984741211,56.36000061035156,54.66999816894531,3956600.0,48.19465255737305
2018-02-09,56.0,53.65999984741211,54.630001068115234,55.47999954223633,4303900.0,48.90871047973633
2018-02-12,54.970001220703125,53.0,54.83000183105469,54.27000045776367,4115600.0,48.60420227050781
2018-02-13,55.31999969482422,53.630001068115234,54.36000061035156,55.08000183105469,3839200.0,49.32964324951172
2018-02-14,54.720001220703125,53.43000030517578,54.540000915527344,54.150001525878906,3249000.0,48.49673080444336
2018-02-15,55.58000183105469,54.20000076293945,54.369998931884766,55.16999816894531,2908500.0,49.410247802734375
2018-02-16,56.439998626708984,55.25,55.29999923706055,55.790000915527344,4051100.0,49.965518951416016
2018-02-20,56.099998474121094,54.790000915527344,55.5099983215332,54.79999923706055,2639200.0,49.07887649536133
2018-02-21,55.04999923706055,53.849998474121094,54.900001525878906,53.9900016784668,3418200.0,48.35343933105469
2018-02-22,55.060001373291016,53.11000061035156,53.81999969482422,53.7400016784668,3324100.0,48.12953567504883
2018-02-23,54.40999984741211,53.060001373291016,53.90999984741211,54.40999984741211,2661200.0,48.729591369628906
2018-02-26,54.66999816894531,53.41999816894531,54.61000061035156,54.400001525878906,2582200.0,48.72063446044922
2018-02-27,54.709999084472656,52.220001220703125,54.349998474121094,52.220001220703125,3189600.0,46.76823043823242
2018-02-28,54.900001525878906,51.849998474121094,54.900001525878906,52.5,3342600.0,47.01900100708008
2018-03-01,53.439998626708984,51.630001068115234,52.04999923706055,52.650001525878906,2684600.0,47.15333938598633
2018-03-02,53.0099983215332,52.099998474121094,52.47999954223633,52.93000030517578,2385600.0,47.40410614013672
2018-03-05,54.209999084472656,52.650001525878906,52.650001525878906,54.06999969482422,3113700.0,48.42508316040039
2018-03-06,53.91999816894531,52.279998779296875,53.630001068115234,52.86000061035156,3070500.0,47.34141159057617
2018-03-07,54.06999969482422,52.650001525878906,52.779998779296875,53.970001220703125,2579900.0,48.33552551269531
2018-03-08,54.09000015258789,53.34000015258789,53.93000030517578,53.56999969482422,2215000.0,47.97727966308594
2018-03-09,53.709999084472656,53.060001373291016,53.709999084472656,53.560001373291016,2122400.0,47.96833038330078
2018-03-12,54.81999969482422,53.29999923706055,53.5099983215332,54.72999954223633,3202500.0,49.01618194580078
2018-03-13,55.2400016784668,53.650001525878906,55.130001068115234,53.7599983215332,2994500.0,48.14745330810547
2018-03-14,54.11000061035156,53.119998931884766,53.790000915527344,53.529998779296875,1845700.0,47.941463470458984
2018-03-15,53.95000076293945,53.5,53.63999938964844,53.75,2170400.0,48.13850021362305
2018-03-16,54.18000030517578,53.38999938964844,53.619998931884766,54.0,3609600.0,48.362396240234375
2018-03-19,54.09000015258789,52.84000015258789,53.880001068115234,53.25,1832800.0,47.690696716308594
2018-03-20,53.84000015258789,52.9900016784668,53.290000915527344,53.150001525878906,2306800.0,47.60113525390625
2018-03-21,53.20000076293945,51.869998931884766,52.939998626708984,52.45000076293945,3058200.0,46.97420883178711
2018-03-22,54.150001525878906,52.33000183105469,52.41999816894531,52.75,2715300.0,47.24289321899414
2018-03-23,53.060001373291016,51.869998931884766,52.849998474121094,52.029998779296875,2434400.0,46.59806442260742
2018-03-26,52.5,51.900001525878906,52.380001068115234,52.13999938964844,1662800.0,46.69657897949219
2018-03-27,53.95000076293945,51.720001220703125,52.13999938964844,53.279998779296875,2099500.0,47.717559814453125
2018-03-28,55.41999816894531,53.40999984741211,53.459999084472656,54.86000061035156,3770600.0,49.13261032104492
2018-03-29,54.86000061035156,54.029998779296875,54.849998474121094,54.43000030517578,2897400.0,48.74750518798828
2018-04-02,54.540000915527344,53.650001525878906,54.369998931884766,53.970001220703125,2312000.0,48.33552551269531
2018-04-03,54.15999984741211,52.79999923706055,54.15999984741211,53.75,2906400.0,48.13850021362305
2018-04-04,55.5099983215332,53.38999938964844,53.56999969482422,55.15999984741211,2637300.0,49.40129470825195
2018-04-05,55.0099983215332,53.90999984741211,55.0099983215332,54.72999954223633,2565700.0,49.01618194580078
2018-04-06,55.869998931884766,54.720001220703125,54.970001220703125,55.0099983215332,2814100.0,49.2669563293457
2018-04-09,55.0099983215332,53.959999084472656,55.0099983215332,54.4900016784668,2129000.0,48.80124282836914
2018-04-10,54.709999084472656,53.880001068115234,54.619998931884766,54.0,2027700.0,48.362396240234375
2018-04-11,54.86000061035156,53.709999084472656,53.709999084472656,53.9900016784668,1658900.0,48.35343933105469
2018-04-12,53.95000076293945,52.27000045776367,53.95000076293945,52.540000915527344,3191900.0,47.05481719970703
2018-04-13,52.630001068115234,51.81999969482422,52.349998474121094,52.630001068115234,2014700.0,47.13542938232422
2018-04-16,52.77000045776367,51.93000030517578,52.65999984741211,52.540000915527344,2629400.0,47.05481719970703
2018-04-17,53.65999984741211,52.56999969482422,52.75,53.380001068115234,2345900.0,47.80712127685547
2018-04-18,53.58000183105469,52.70000076293945,53.400001525878906,52.84000015258789,1587600.0,47.3234977722168
2018-04-19,53.0,51.27000045776367,52.709999084472656,51.91999816894531,2066700.0,46.49954605102539
2018-04-20,52.27000045776367,51.09000015258789,52.09000015258789,51.18000030517578,2146400.0,45.8368034362793
2018-04-23,51.2400016784668,50.369998931884766,51.11000061035156,50.68000030517578,2071800.0,45.389007568359375
2018-04-24,51.56999969482422,50.130001068115234,50.75,51.02000045776367,2514800.0,45.693511962890625
2018-04-25,51.02000045776367,49.58000183105469,50.75,50.52000045776367,2709200.0,45.24570846557617
2018-04-26,51.060001373291016,49.599998474121094,50.65999984741211,50.0099983215332,4997200.0,44.788944244384766
2018-04-27,53.22999954223633,50.29999923706055,50.939998626708984,52.880001068115234,4565600.0,47.35932540893555
2018-04-30,53.5099983215332,52.369998931884766,53.04999923706055,53.439998626708984,3894700.0,47.8608512878418
2018-05-01,55.33000183105469,53.36000061035156,53.560001373291016,54.86000061035156,4965900.0,49.13261032104492
2018-05-02,55.220001220703125,53.599998474121094,54.61000061035156,55.04999923706055,4050000.0,49.30277633666992
2018-05-03,56.0,54.720001220703125,55.13999938964844,55.4900016784668,2365200.0,49.69683837890625
2018-05-04,56.279998779296875,55.400001525878906,55.41999816894531,56.18000030517578,2354500.0,50.31480407714844
2018-05-07,55.7599983215332,55.099998474121094,55.380001068115234,55.709999084472656,2491600.0,50.678672790527344
2018-05-08,55.52000045776367,54.810001373291016,55.5,55.13999938964844,2927700.0,50.160160064697266
2018-05-09,55.459999084472656,54.58000183105469,54.869998931884766,55.380001068115234,2091900.0,50.37847900390625
2018-05-10,56.13999938964844,55.560001373291016,55.65999984741211,56.13999938964844,1371900.0,51.06984329223633
2018-05-11,56.5,55.77000045776367,56.20000076293945,56.25,1725800.0,51.16990661621094
2018-05-14,56.06999969482422,55.150001525878906,56.029998779296875,55.5099983215332,1805600.0,50.49673843383789
2018-05-15,55.5,54.63999938964844,55.099998474121094,54.84000015258789,2834200.0,49.88725280761719
2018-05-16,55.25,54.58000183105469,55.099998474121094,54.84000015258789,2141600.0,49.88725280761719
2018-05-17,54.81999969482422,53.779998779296875,54.81999969482422,53.93000030517578,1836800.0,49.0594367980957
2018-05-18,54.77000045776367,53.529998779296875,53.529998779296875,54.27000045776367,4423600.0,49.36872482299805
2018-05-21,55.470001220703125,53.7599983215332,54.880001068115234,55.18000030517578,1862300.0,50.19654846191406
2018-05-22,56.060001373291016,54.54999923706055,55.18000030517578,55.68000030517578,2055600.0,50.65138626098633
2018-05-23,56.970001220703125,55.849998474121094,55.90999984741211,56.779998779296875,2562900.0,51.652042388916016
2018-05-24,56.900001525878906,55.81999969482422,56.810001373291016,56.25,1737000.0,51.16990661621094
2018-05-25,56.900001525878906,56.11000061035156,56.11000061035156,56.869998931884766,1460300.0,51.733917236328125
2018-05-29,57.310001373291016,56.4900016784668,56.79999923706055,57.029998779296875,1988900.0,51.87947463989258
2018-05-30,57.79999923706055,56.4900016784668,56.880001068115234,57.540000915527344,1613800.0,52.34340286254883
2018-05-31,57.7400016784668,57.18000030517578,57.380001068115234,57.650001525878906,2165600.0,52.44346618652344
2018-06-01,58.41999816894531,57.540000915527344,57.540000915527344,58.02000045776367,1473500.0,52.78005599975586
2018-06-04,58.33000183105469,57.31999969482422,58.15999984741211,57.77000045776367,1641000.0,52.552635192871094
2018-06-05,58.20000076293945,57.38999938964844,57.97999954223633,57.40999984741211,2038200.0,52.22514724731445
2018-06-06,57.810001373291016,56.86000061035156,57.5,57.529998779296875,1377400.0,52.33430480957031
2018-06-07,57.95000076293945,57.150001525878906,57.52000045776367,57.59000015258789,1603500.0,52.38888931274414
2018-06-08,58.060001373291016,57.5099983215332,57.779998779296875,57.9900016784668,977800.0,52.752769470214844
2018-06-11,58.400001525878906,57.68000030517578,58.0,58.29999923706055,1308400.0,53.03477096557617
2018-06-12,58.599998474121094,57.90999984741211,58.0099983215332,58.310001373291016,2353700.0,53.04386901855469
2018-06-13,58.63999938964844,56.79999923706055,58.25,56.83000183105469,2362500.0,51.69752883911133
2018-06-14,57.939998626708984,57.0,57.0,57.63999938964844,1636400.0,52.43437576293945
2018-06-15,58.060001373291016,57.400001525878906,57.75,57.5,2888000.0,52.3070182800293
2018-06-18,57.7599983215332,56.599998474121094,57.400001525878906,57.0,1370300.0,51.852176666259766
2018-06-19,57.91999816894531,56.90999984741211,56.95000076293945,57.209999084472656,1861100.0,52.043209075927734
2018-06-20,58.5,57.029998779296875,57.13999938964844,58.380001068115234,1403500.0,53.107547760009766
2018-06-21,58.97999954223633,58.029998779296875,58.47999954223633,58.79999923706055,1576700.0,53.4896125793457
2018-06-22,59.209999084472656,58.380001068115234,58.79999923706055,59.04999923706055,2000200.0,53.717037200927734
2018-06-25,59.59000015258789,58.33000183105469,59.06999969482422,59.29999923706055,1716500.0,53.9444580078125
2018-06-26,59.88999938964844,59.25,59.58000183105469,59.439998626708984,2174400.0,54.071807861328125
2018-06-27,60.209999084472656,59.25,59.66999816894531,59.90999984741211,1751500.0,54.49936294555664
2018-06-28,63.45000076293945,59.560001373291016,60.02000045776367,62.36000061035156,3803700.0,56.72809982299805
2018-06-29,63.02000045776367,61.72999954223633,62.04999923706055,62.689998626708984,2995400.0,57.02830123901367
2018-07-02,62.869998931884766,61.119998931884766,62.5099983215332,62.08000183105469,2630600.0,56.473388671875
2018-07-03,63.72999954223633,61.63999938964844,61.66999816894531,62.900001525878906,1328800.0,57.21934127807617
2018-07-05,63.93000030517578,62.119998931884766,62.79999923706055,63.83000183105469,1984300.0,58.06534194946289
2018-07-06,64.45999908447266,63.84000015258789,63.93000030517578,64.4000015258789,2047500.0,58.5838623046875
2018-07-09,64.41999816894531,62.689998626708984,64.37000274658203,63.220001220703125,1876800.0,57.51042938232422
2018-07-10,63.650001525878906,62.91999816894531,63.31999969482422,63.25,1723300.0,57.5377197265625
2018-07-11,63.56999969482422,62.849998474121094,63.27000045776367,63.09000015258789,1132500.0,57.39216995239258
2018-07-12,63.380001068115234,62.84000015258789,63.279998779296875,63.15999984741211,879100.0,57.455848693847656
2018-07-13,63.52000045776367,62.400001525878906,63.380001068115234,62.68000030517578,1172400.0,57.01919937133789
2018-07-16,62.81999969482422,61.7400016784668,62.61000061035156,62.59000015258789,1465000.0,56.93732833862305
2018-07-17,62.900001525878906,62.0099983215332,62.880001068115234,62.13999938964844,1639700.0,56.52796173095703
2018-07-18,62.380001068115234,61.31999969482422,62.040000915527344,61.79999923706055,1199400.0,56.21867370605469
2018-07-19,63.0099983215332,61.59000015258789,61.75,62.77000045776367,1405700.0,57.10107421875
2018-07-20,63.59000015258789,62.40999984741211,62.79999923706055,63.4900016784668,2424400.0,57.756046295166016
2018-07-23,64.0,63.099998474121094,63.38999938964844,63.72999954223633,3333300.0,57.97437286376953
2018-07-24,63.650001525878906,62.459999084472656,63.650001525878906,63.2400016784668,3362400.0,57.52861785888672
2018-07-25,64.41999816894531,63.29999923706055,63.41999816894531,63.970001220703125,1620900.0,58.19269561767578
2018-07-26,64.55999755859375,63.7400016784668,64.16000366210938,64.30999755859375,1815600.0,58.50198745727539
2018-07-27,64.12999725341797,61.119998931884766,62.27000045776367,61.810001373291016,3390200.0,56.2277717590332
2018-07-30,61.79999923706055,60.7400016784668,61.779998779296875,61.70000076293945,2137600.0,56.127708435058594
2018-07-31,62.9900016784668,61.81999969482422,61.9900016784668,62.599998474121094,3830300.0,56.9464225769043
2018-08-01,63.09000015258789,61.54999923706055,62.29999923706055,62.959999084472656,1988200.0,57.2739143371582
2018-08-02,63.2599983215332,62.5,62.970001220703125,63.16999816894531,2288200.0,57.464942932128906
2018-08-03,64.70999908447266,63.15999984741211,63.290000915527344,64.31999969482422,2129300.0,58.51108932495117
2018-08-06,63.84000015258789,62.91999816894531,63.529998779296875,63.380001068115234,1480000.0,58.446537017822266
2018-08-07,63.88999938964844,63.06999969482422,63.25,63.83000183105469,2151900.0,58.86151123046875
2018-08-08,64.16000366210938,63.290000915527344,63.75,63.4900016784668,1630600.0,58.5479736328125
2018-08-09,63.939998626708984,63.36000061035156,63.61000061035156,63.459999084472656,2465200.0,58.52030944824219
2018-08-10,63.79999923706055,62.900001525878906,63.369998931884766,63.13999938964844,1933200.0,58.225215911865234
2018-08-13,63.380001068115234,62.52000045776367,62.9900016784668,63.349998474121094,1453400.0,58.41886901855469
2018-08-14,64.44000244140625,63.349998474121094,63.400001525878906,63.97999954223633,1823100.0,58.99983215332031
2018-08-15,65.61000061035156,64.04000091552734,64.04000091552734,65.33999633789062,2162300.0,60.25396728515625
2018-08-16,65.86000061035156,64.68000030517578,65.0,65.68000030517578,1949100.0,60.5675048828125
2018-08-17,66.72000122070312,65.66999816894531,65.83999633789062,66.69999694824219,2311900.0,61.508113861083984
2018-08-20,67.3499984741211,66.43000030517578,66.9800033569336,66.62999725341797,3840700.0,61.44355773925781
2018-08-21,66.68000030517578,65.95999908447266,66.5999984741211,66.38999938964844,1989100.0,61.22223663330078
2018-08-22,66.55999755859375,65.91999816894531,66.44999694824219,66.26000213623047,1323700.0,61.10235595703125
2018-08-23,66.43000030517578,65.80999755859375,66.36000061035156,65.91000366210938,1799600.0,60.77960205078125
2018-08-24,66.05999755859375,65.0199966430664,65.66999816894531,65.94000244140625,1236300.0,60.80727005004883
2018-08-27,65.98999786376953,65.33999633789062,65.94000244140625,65.91000366210938,1634500.0,60.77960205078125
2018-08-28,66.83000183105469,65.6500015258789,65.8499984741211,66.80999755859375,1477800.0,61.60954666137695
2018-08-29,67.0199966430664,66.68000030517578,66.88999938964844,66.68000030517578,1578200.0,61.48966598510742
2018-08-30,66.9000015258789,66.43000030517578,66.8499984741211,66.58000183105469,1431700.0,61.39745330810547
2018-08-31,67.16000366210938,66.36000061035156,66.6500015258789,66.70999908447266,2080200.0,61.51732635498047
2018-09-04,66.97000122070312,65.94999694824219,66.55000305175781,66.2300033569336,2825900.0,61.0746955871582
2018-09-05,67.51000213623047,65.58000183105469,65.9800033569336,67.2699966430664,1898500.0,62.03373336791992
2018-09-06,67.69999694824219,67.16000366210938,67.33000183105469,67.45999908447266,1745900.0,62.208961486816406
2018-09-07,67.0199966430664,66.27999877929688,66.88999938964844,66.38999938964844,1330900.0,61.22223663330078
2018-09-10,67.36000061035156,66.69000244140625,66.95999908447266,66.86000061035156,1809400.0,61.65565872192383
2018-09-11,67.04000091552734,66.29000091552734,66.58999633789062,66.8499984741211,1090000.0,61.64643478393555
2018-09-12,67.11000061035156,66.61000061035156,66.86000061035156,66.66999816894531,1198200.0,61.48043441772461
2018-09-13,67.33000183105469,66.55000305175781,66.98999786376953,67.1500015258789,1897800.0,61.9230842590332
2018-09-14,66.94999694824219,65.62999725341797,66.94999694824219,66.41000366210938,1778100.0,61.24068832397461
2018-09-17,66.95999908447266,65.97000122070312,66.37999725341797,66.80999755859375,2210700.0,61.60954666137695
2018-09-18,66.98999786376953,66.05000305175781,66.86000061035156,66.44000244140625,1768000.0,61.26835250854492
2018-09-19,66.48999786376953,65.37000274658203,66.48999786376953,65.48999786376953,2714800.0,60.39229965209961
2018-09-20,65.69999694824219,64.77999877929688,65.41999816894531,65.56999969482422,2465500.0,60.466068267822266
2018-09-21,65.66000366210938,64.87000274658203,65.02999877929688,65.5,3686900.0,60.401519775390625
2018-09-24,65.48999786376953,63.56999969482422,65.38999938964844,63.959999084472656,2205200.0,58.981388092041016
2018-09-25,65.06999969482422,64.0,64.1500015258789,64.55000305175781,2437400.0,59.52546691894531
2018-09-26,64.58000183105469,62.91999816894531,64.44999694824219,62.959999084472656,2025700.0,58.05923080444336
2018-09-27,63.7599983215332,63.029998779296875,63.209999084472656,63.04999923706055,1303900.0,58.14221954345703
2018-09-28,64.3499984741211,63.0,63.099998474121094,64.31999969482422,2040200.0,59.31336975097656
2018-10-01,64.2300033569336,63.290000915527344,64.0999984741211,63.29999923706055,1590100.0,58.37275695800781
2018-10-02,63.72999954223633,63.0,63.5,63.0099983215332,1419800.0,58.10533142089844
2018-10-03,63.25,61.470001220703125,62.95000076293945,61.900001525878906,2136600.0,57.08173751831055
2018-10-04,62.380001068115234,61.189998626708984,61.439998626708984,62.209999084472656,2541600.0,57.36760711669922
2018-10-05,62.88999938964844,62.09000015258789,62.220001220703125,62.2400016784668,1671500.0,57.39527130126953
2018-10-08,63.709999084472656,62.34000015258789,62.34000015258789,63.20000076293945,1971700.0,58.280548095703125
2018-10-09,64.0199966430664,62.720001220703125,63.16999816894531,63.97999954223633,2086800.0,58.99983215332031
2018-10-10,64.66000366210938,63.689998626708984,63.88999938964844,63.959999084472656,2298800.0,58.981388092041016
2018-10-11,64.02999877929688,61.650001525878906,64.02999877929688,61.72999954223633,2715700.0,56.924964904785156
2018-10-12,62.150001525878906,60.93000030517578,62.150001525878906,61.599998474121094,2462500.0,56.805084228515625
2018-10-15,62.650001525878906,61.560001373291016,61.560001373291016,61.900001525878906,1931400.0,57.08173751831055
2018-10-16,63.529998779296875,61.54999923706055,61.959999084472656,63.119998931884766,2277300.0,58.20677185058594
2018-10-17,63.720001220703125,62.91999816894531,63.09000015258789,63.38999938964844,1319100.0,58.45575714111328
2018-10-18,63.97999954223633,63.220001220703125,63.439998626708984,63.459999084472656,1310900.0,58.52030944824219
2018-10-19,64.58000183105469,63.220001220703125,63.5099983215332,64.47000122070312,1667300.0,59.451690673828125
2018-10-22,65.08999633789062,63.2599983215332,64.6500015258789,63.34000015258789,3560600.0,58.40964889526367
2018-10-23,64.73999786376953,63.33000183105469,63.33000183105469,64.18000030517578,1784500.0,59.184261322021484
2018-10-24,66.2699966430664,64.04000091552734,64.30000305175781,65.79000091552734,2358400.0,60.668949127197266
2018-10-25,66.58000183105469,65.12999725341797,65.63999938964844,66.27999877929688,2094900.0,61.12080001831055
2018-10-26,66.79000091552734,64.80000305175781,65.91999816894531,65.1500015258789,2351800.0,60.07876205444336
2018-10-29,66.16000366210938,65.41999816894531,65.63999938964844,65.9800033569336,1592300.0,60.84415817260742
2018-10-30,69.8499984741211,65.9800033569336,66.2300033569336,69.48999786376953,4266200.0,64.08094024658203
2018-10-31,68.41000366210938,66.0199966430664,67.69999694824219,66.06999969482422,4077800.0,60.92714309692383
2018-11-01,67.70999908447266,65.75,66.58999633789062,67.5,2412700.0,62.24583435058594
2018-11-02,67.29000091552734,64.43000030517578,67.29000091552734,65.86000061035156,2160200.0,60.733489990234375
2018-11-05,68.11000061035156,65.9000015258789,66.19000244140625,67.77999877929688,1719300.0,62.50404739379883
2018-11-06,69.16000366210938,67.0999984741211,67.75,69.12000274658203,3163100.0,63.73973846435547
2018-11-07,69.5,68.52999877929688,69.19000244140625,69.0999984741211,2177000.0,63.72129821777344
2018-11-08,68.66000366210938,67.5999984741211,68.19999694824219,68.58000183105469,1139000.0,64.04815673828125
2018-11-09,69.72000122070312,68.33000183105469,68.69999694824219,69.4800033569336,2133900.0,64.88868713378906
2018-11-12,70.44000244140625,69.44000244140625,69.47000122070312,69.87000274658203,1732100.0,65.2529296875
2018-11-13,70.31999969482422,69.18000030517578,69.88999938964844,69.58000183105469,1489300.0,64.98208618164062
2018-11-14,70.38999938964844,69.55000305175781,69.87000274658203,70.0999984741211,1611100.0,65.46772003173828
2018-11-15,70.06999969482422,68.80999755859375,69.83999633789062,69.48999786376953,1430900.0,64.89802551269531
2018-11-16,70.41000366210938,69.19000244140625,69.73999786376953,70.33000183105469,2006200.0,65.68252563476562
2018-11-19,70.98999786376953,70.0199966430664,70.44999694824219,70.30999755859375,1411800.0,65.66384887695312
2018-11-20,71.2699966430664,70.1500015258789,70.1500015258789,70.29000091552734,2505800.0,65.64517211914062
2018-11-21,70.2300033569336,69.44000244140625,70.2300033569336,69.51000213623047,1766900.0,64.91671752929688
2018-11-23,70.19999694824219,68.95999908447266,69.44999694824219,69.79000091552734,586000.0,65.17821502685547
2018-11-26,70.26000213623047,69.19999694824219,70.20999908447266,69.91999816894531,1479700.0,65.29962158203125
2018-11-27,71.0,69.37000274658203,69.97000122070312,70.73999786376953,1645200.0,66.06543731689453
2018-11-28,71.3499984741211,69.76000213623047,70.58000183105469,71.3499984741211,2162700.0,66.63511657714844
2018-11-29,71.68000030517578,70.94999694824219,71.19000244140625,71.43000030517578,1780700.0,66.70984649658203
2018-11-30,72.33999633789062,71.0,71.69999694824219,72.33000183105469,3284400.0,67.55036926269531
2018-12-03,72.66000366210938,71.47000122070312,72.33000183105469,72.6500015258789,2116200.0,67.84921264648438
2018-12-04,73.87999725341797,71.94999694824219,72.62000274658203,72.12999725341797,3178800.0,67.36356353759766
2018-12-06,74.75,71.91999816894531,72.05999755859375,74.72000122070312,3320000.0,69.78243255615234
2018-12-07,74.55999755859375,72.98999786376953,74.55999755859375,73.7300033569336,3167400.0,68.85785675048828
2018-12-10,73.91999816894531,72.30000305175781,73.70999908447266,73.01000213623047,2208900.0,68.18543243408203
2018-12-11,73.8499984741211,72.94000244140625,73.19999694824219,73.05000305175781,4902200.0,68.22279357910156
2018-12-12,73.79000091552734,71.58999633789062,73.5199966430664,71.72000122070312,2234000.0,66.98067474365234
2018-12-13,72.95999908447266,71.94999694824219,71.95999908447266,72.30000305175781,1738400.0,67.52235412597656
2018-12-14,72.41000366210938,71.68000030517578,71.87999725341797,72.33999633789062,1657100.0,67.55970764160156
2018-12-17,73.44000244140625,70.37999725341797,72.5199966430664,70.72000122070312,3204300.0,66.0467529296875
2018-12-18,71.9000015258789,70.73999786376953,71.0,71.38999938964844,2452300.0,66.67247772216797
2018-12-19,72.30000305175781,70.81999969482422,71.72000122070312,71.12000274658203,2492900.0,66.42031860351562
2018-12-20,71.91000366210938,70.62000274658203,71.19999694824219,71.13999938964844,2610700.0,66.43900299072266
2018-12-21,72.8499984741211,70.41000366210938,71.08999633789062,70.41000366210938,5608700.0,65.75724029541016
2018-12-24,70.48999786376953,66.33000183105469,70.19999694824219,66.44000244140625,1128900.0,62.04957580566406
2018-12-26,69.0999984741211,65.94000244140625,66.69000244140625,69.0999984741211,1835100.0,64.5338134765625
2018-12-27,69.41000366210938,67.29000091552734,68.8499984741211,69.2699966430664,1960500.0,64.69256591796875
2018-12-28,70.33000183105469,68.4800033569336,69.80000305175781,69.37000274658203,1757200.0,64.78597259521484
2018-12-31,69.5999984741211,68.08999633789062,69.5999984741211,69.41000366210938,1421800.0,64.82331848144531
2019-01-02,68.91999816894531,66.81999969482422,68.79000091552734,67.29000091552734,2328100.0,62.843414306640625
2019-01-03,69.16000366210938,67.30999755859375,67.45999908447266,68.52999877929688,2369600.0,64.00147247314453
2019-01-04,69.25,68.02999877929688,68.94999694824219,68.27999877929688,2673200.0,63.76799011230469
2019-01-07,69.70999908447266,68.27999877929688,68.4800033569336,69.08999633789062,1643800.0,64.52445983886719
2019-01-08,70.56999969482422,69.23999786376953,69.4000015258789,70.30999755859375,1794000.0,65.66384887695312
2019-01-09,70.48999786376953,69.12999725341797,70.48999786376953,69.68000030517578,1911400.0,65.07548522949219
2019-01-10,71.36000061035156,69.45999908447266,69.51000213623047,71.23999786376953,2488400.0,66.53238677978516
2019-01-11,71.54000091552734,70.94000244140625,71.18000030517578,71.45999908447266,2054400.0,66.73785400390625
2019-01-14,71.55999755859375,70.87999725341797,71.31999969482422,71.16999816894531,1407300.0,66.46701049804688
2019-01-15,72.62999725341797,71.19000244140625,71.31999969482422,72.38999938964844,1319800.0,67.60639190673828
2019-01-16,73.12000274658203,71.88999938964844,71.88999938964844,72.58999633789062,1404200.0,67.7931900024414
2019-01-17,73.22000122070312,72.2300033569336,72.3499984741211,72.70999908447266,1648200.0,67.90525817871094
2019-01-18,73.20999908447266,72.43000030517578,72.70999908447266,73.04000091552734,1921900.0,68.21343994140625
2019-01-22,73.80000305175781,72.7699966430664,73.08000183105469,73.41000366210938,1770700.0,68.55899810791016
2019-01-23,74.19999694824219,72.94999694824219,73.25,74.16999816894531,1631000.0,69.26876831054688
2019-01-24,74.5,73.51000213623047,74.2699966430664,74.30999755859375,1453000.0,69.39952850341797
2019-01-25,75.0,74.16999816894531,74.5199966430664,74.94000244140625,1938900.0,69.98788452148438
2019-01-28,75.52999877929688,74.66999816894531,74.81999969482422,75.45999908447266,2679000.0,70.4735336303711
2019-01-29,76.0,75.02999877929688,75.5999984741211,75.98999786376953,2134700.0,70.968505859375
2019-01-30,77.01000213623047,75.61000061035156,75.83999633789062,76.5999984741211,3195100.0,71.53820037841797
2019-01-31,77.9000015258789,75.68000030517578,76.44000244140625,77.48999786376953,4277400.0,72.369384765625
2019-02-01,77.7300033569336,75.2300033569336,77.55999755859375,76.30999755859375,2269600.0,71.2673568725586
2019-02-04,77.1500015258789,75.56999969482422,76.11000061035156,77.1500015258789,2177200.0,72.0518569946289
2019-02-05,77.52999877929688,76.37000274658203,77.1500015258789,77.45999908447266,2089500.0,72.34136962890625
2019-02-06,77.66000366210938,76.41999816894531,77.33999633789062,76.75,1831900.0,71.67829132080078
2019-02-07,77.1500015258789,76.22000122070312,76.63999938964844,77.05000305175781,2866900.0,71.95846557617188
2019-02-08,77.23999786376953,76.26000213623047,76.52999877929688,77.20999908447266,1738000.0,72.1078872680664
2019-02-11,77.66999816894531,76.91999816894531,77.38999938964844,77.43000030517578,2220800.0,72.3133544921875
2019-02-12,77.7699966430664,76.3499984741211,77.37999725341797,76.6500015258789,2729800.0,71.58489990234375
2019-02-13,77.66000366210938,75.94999694824219,76.30999755859375,77.55999755859375,1943400.0,72.43475341796875
2019-02-14,77.9000015258789,77.01000213623047,77.66000366210938,77.47000122070312,1509600.0,72.35071563720703
2019-02-15,77.79000091552734,77.16000366210938,77.70999908447266,77.61000061035156,2907700.0,72.48145294189453
2019-02-19,77.73999786376953,76.66999816894531,77.69000244140625,76.76000213623047,2152800.0,71.68762969970703
2019-02-20,76.80000305175781,75.08999633789062,76.5199966430664,75.75,2933000.0,70.74437713623047
2019-02-21,75.0999984741211,74.13999938964844,74.80999755859375,74.44000244140625,5911800.0,70.32866668701172
2019-02-22,75.9000015258789,74.51000213623047,74.73999786376953,75.44000244140625,2693100.0,71.2734375
2019-02-25,75.77999877929688,74.18000030517578,75.77999877929688,74.4000015258789,3271200.0,70.29088592529297
2019-02-26,75.16000366210938,74.0999984741211,74.87000274658203,74.55000305175781,2009800.0,70.43258666992188
2019-02-27,74.63999938964844,73.11000061035156,74.0199966430664,74.54000091552734,2362600.0,70.42314910888672
2019-02-28,75.79000091552734,74.12999725341797,74.5,74.30999755859375,5700300.0,70.20584869384766
2019-03-01,74.5,72.62000274658203,74.45999908447266,74.01000213623047,3070300.0,69.92242431640625
2019-03-04,74.72000122070312,73.51000213623047,74.25,74.55999755859375,2209000.0,70.4420394897461
2019-03-05,75.3499984741211,74.48999786376953,74.48999786376953,74.86000061035156,2494700.0,70.72547149658203
2019-03-06,75.02999877929688,74.16000366210938,74.86000061035156,74.31999969482422,1748500.0,70.21530151367188
2019-03-07,75.48999786376953,74.61000061035156,74.66999816894531,75.0999984741211,2687900.0,70.95221710205078
2019-03-08,75.80999755859375,74.3499984741211,75.0999984741211,74.97000122070312,2245600.0,70.82939910888672
2019-03-11,76.48999786376953,75.18000030517578,75.18000030517578,76.47000122070312,2184700.0,72.24655151367188
2019-03-12,77.1500015258789,76.51000213623047,76.5999984741211,76.86000061035156,2230700.0,72.6150131225586
2019-03-13,77.58999633789062,77.01000213623047,77.04000091552734,77.37999725341797,2177400.0,73.10629272460938
2019-03-14,77.88999938964844,77.25,77.44999694824219,77.87999725341797,2216400.0,73.57867431640625
2019-03-15,78.23999786376953,77.04000091552734,78.0,77.29000091552734,5124400.0,73.0212631225586
2019-03-18,77.54000091552734,75.33999633789062,77.41999816894531,75.7699966430664,2857700.0,71.58521270751953
2019-03-19,75.9000015258789,75.02999877929688,75.70999908447266,75.2699966430664,2554400.0,71.11283111572266
2019-03-20,75.91999816894531,74.47000122070312,75.44999694824219,75.5,2100200.0,71.33012390136719
2019-03-21,77.66999816894531,75.27999877929688,75.47000122070312,77.66999816894531,3143900.0,73.3802719116211
2019-03-22,79.41000366210938,77.77999877929688,77.77999877929688,77.81999969482422,2896500.0,73.5219955444336
2019-03-25,78.79000091552734,77.5,77.91999816894531,78.4000015258789,1941100.0,74.06996154785156
2019-03-26,78.87999725341797,78.27999877929688,78.79000091552734,78.72000122070312,1546700.0,74.3722915649414
2019-03-27,78.88999938964844,77.87000274658203,78.56999969482422,78.06999969482422,2023400.0,73.7581787109375
2019-03-28,78.5999984741211,77.83999633789062,78.33999633789062,78.58000183105469,1945900.0,74.24002075195312
2019-03-29,78.55999755859375,77.43000030517578,78.51000213623047,77.5999984741211,2673200.0,73.31414031982422
2019-04-01,77.66999816894531,76.12999725341797,77.66999816894531,77.05999755859375,2241300.0,72.80396270751953
2019-04-02,77.69999694824219,76.25,77.23999786376953,77.63999938964844,2289600.0,73.3519287109375
2019-04-03,77.80000305175781,76.7699966430664,77.44000244140625,77.26000213623047,1472000.0,72.992919921875
2019-04-04,77.20999908447266,76.12999725341797,77.20999908447266,76.55999755859375,1259500.0,72.33158111572266
2019-04-05,76.81999969482422,76.04000091552734,76.19999694824219,76.73999786376953,1707900.0,72.50163269042969
2019-04-08,77.12999725341797,75.72000122070312,76.94000244140625,75.75,1913600.0,71.56632232666016
2019-04-09,75.97000122070312,75.54000091552734,75.83999633789062,75.79000091552734,1594600.0,71.60411071777344
2019-04-10,76.61000061035156,75.94999694824219,76.19999694824219,76.5199966430664,1527300.0,72.29378509521484
2019-04-11,76.94000244140625,76.06999969482422,76.31999969482422,76.5199966430664,1741700.0,72.29378509521484
2019-04-12,76.47000122070312,75.27999877929688,75.81999969482422,76.47000122070312,1337400.0,72.24655151367188
2019-04-15,76.61000061035156,76.04000091552734,76.5,76.44999694824219,1073200.0,72.22765350341797
2019-04-16,76.5,73.48999786376953,76.33999633789062,73.7300033569336,1977100.0,69.65788269042969
2019-04-17,73.94000244140625,71.83000183105469,73.9000015258789,72.26000213623047,1728900.0,68.26907348632812
2019-04-18,73.45999908447266,72.06999969482422,72.51000213623047,73.23999786376953,1294500.0,69.19495391845703
2019-04-22,73.16999816894531,71.18000030517578,72.94000244140625,71.76000213623047,1990800.0,67.79668426513672
2019-04-23,73.01000213623047,71.76000213623047,72.26000213623047,72.69999694824219,1437300.0,68.68476104736328
2019-04-24,73.68000030517578,72.62000274658203,73.13999938964844,73.44000244140625,1586900.0,69.38390350341797
2019-04-25,73.87000274658203,72.94000244140625,73.26000213623047,73.75,1272900.0,69.6767807006836
2019-04-26,74.83999633789062,73.77999877929688,74.37999725341797,74.54000091552734,977300.0,70.42314910888672
2019-04-29,74.54000091552734,72.9000015258789,74.33000183105469,72.98999786376953,1123800.0,68.95874786376953
2019-04-30,74.9800033569336,72.80000305175781,73.12999725341797,74.52999877929688,2680300.0,70.4136962890625
2019-05-01,76.0,74.43000030517578,74.80000305175781,74.87000274658203,1955000.0,70.73492431640625
2019-05-02,75.66999816894531,74.72000122070312,74.88999938964844,75.3499984741211,1752500.0,71.18841552734375
2019-05-03,76.56999969482422,75.30000305175781,75.54000091552734,76.44999694824219,1049100.0,72.22765350341797
2019-05-06,76.62999725341797,75.68000030517578,76.12000274658203,76.0,948700.0,71.8025131225586
2019-05-07,76.12999725341797,74.80000305175781,76.12999725341797,75.37999725341797,1260400.0,71.21675109863281
2019-05-08,76.33999633789062,75.25,75.47000122070312,75.29000091552734,1061100.0,71.13172912597656
2019-05-09,76.12000274658203,74.9000015258789,75.30999755859375,76.08000183105469,1132800.0,71.87808990478516
2019-05-10,77.62999725341797,75.88999938964844,76.0,77.52999877929688,1085000.0,73.24800872802734
2019-05-13,77.7699966430664,76.08999633789062,76.16999816894531,77.69000244140625,1920500.0,74.23216247558594
2019-05-14,78.1500015258789,77.27999877929688,77.41000366210938,78.08000183105469,1590700.0,74.60480499267578
2019-05-15,79.18000030517578,77.83999633789062,77.87000274658203,78.69000244140625,1167300.0,75.18766021728516
2019-05-16,79.81999969482422,78.5,78.61000061035156,79.4800033569336,1375400.0,75.94249725341797
2019-05-17,80.1500015258789,78.91999816894531,79.19000244140625,80.04000091552734,1356500.0,76.47757720947266
2019-05-20,80.4000015258789,78.68000030517578,80.08000183105469,79.2300033569336,1284700.0,75.70362854003906
2019-05-21,80.19999694824219,79.30000305175781,79.47000122070312,80.0,1484400.0,76.4393539428711
2019-05-22,80.31999969482422,79.55000305175781,79.94999694824219,80.22000122070312,1149200.0,76.6495590209961
2019-05-23,81.37000274658203,79.94000244140625,80.0,81.3499984741211,1787100.0,77.7292709350586
2019-05-24,81.91999816894531,81.36000061035156,81.38999938964844,81.56999969482422,1419700.0,77.93946838378906
2019-05-28,82.18000030517578,80.11000061035156,81.81999969482422,80.11000061035156,2200100.0,76.54444885253906
2019-05-29,80.68000030517578,79.33000183105469,80.44999694824219,79.70999908447266,1801900.0,76.16224670410156
2019-05-30,80.7699966430664,79.55000305175781,79.87000274658203,80.76000213623047,1464900.0,77.16552734375
2019-05-31,81.91000366210938,80.5,80.81999969482422,81.22000122070312,1811200.0,77.60505676269531
2019-06-03,82.18000030517578,81.13999938964844,81.62999725341797,82.01000213623047,1814000.0,78.35989379882812
2019-06-04,81.66999816894531,79.41999816894531,81.66999816894531,80.05999755859375,3331600.0,76.4966812133789
2019-06-05,82.06999969482422,80.25,80.58000183105469,81.9800033569336,2252900.0,78.33123016357422
2019-06-06,82.81999969482422,81.69999694824219,82.02999877929688,82.58000183105469,1473700.0,78.9045181274414
2019-06-07,83.87000274658203,82.77999877929688,83.12000274658203,83.2300033569336,2268600.0,79.52559661865234
2019-06-10,83.5,81.87000274658203,83.30999755859375,82.37999725341797,1565100.0,78.71342468261719
2019-06-11,82.6500015258789,81.30000305175781,82.41999816894531,82.11000061035156,1791300.0,78.4554443359375
2019-06-12,83.25,82.12000274658203,82.41000366210938,82.2699966430664,1565900.0,78.60831451416016
2019-06-13,82.66000366210938,81.69000244140625,82.19000244140625,82.33000183105469,1759600.0,78.66564178466797
2019-06-14,83.25,82.19999694824219,82.19999694824219,82.27999877929688,2015800.0,78.61786651611328
2019-06-17,83.8499984741211,82.5,82.7300033569336,83.61000061035156,2322600.0,79.88868713378906
2019-06-18,84.36000061035156,82.69999694824219,84.08999633789062,83.04000091552734,2061200.0,79.34404754638672
2019-06-19,84.26000213623047,82.18000030517578,82.56999969482422,83.80000305175781,2459700.0,80.07022094726562
2019-06-20,85.26000213623047,84.18000030517578,84.2300033569336,84.62999725341797,3496100.0,80.86327362060547
2019-06-21,84.75,82.55000305175781,84.55000305175781,83.6500015258789,10019400.0,79.9269027709961
2019-06-24,84.58999633789062,83.47000122070312,84.08000183105469,84.06999969482422,3101200.0,80.32820129394531
2019-06-25,84.80999755859375,82.9800033569336,84.2300033569336,83.30000305175781,3555600.0,79.59247589111328
2019-06-26,83.0,80.52999877929688,82.9800033569336,81.06999969482422,2843900.0,77.46172332763672
2019-06-27,82.16999816894531,81.2699966430664,81.31999969482422,81.62999725341797,1784600.0,77.99679565429688
2019-06-28,82.19000244140625,81.38999938964844,81.62999725341797,81.52999877929688,4007600.0,77.90125274658203
2019-07-01,82.12999725341797,80.02999877929688,82.12999725341797,81.73999786376953,2257800.0,78.10189819335938
2019-07-02,84.26000213623047,81.93000030517578,82.0999984741211,84.16999816894531,2090700.0,80.42374420166016
2019-07-03,85.45999908447266,84.29000091552734,84.29000091552734,85.2699966430664,1123100.0,81.47478485107422
2019-07-05,84.5,82.4000015258789,84.25,84.22000122070312,1382900.0,80.47152709960938
2019-07-08,85.26000213623047,84.22000122070312,84.30000305175781,85.26000213623047,1334800.0,81.46524047851562
2019-07-09,86.26000213623047,84.97000122070312,85.12000274658203,86.0999984741211,1555700.0,82.2678451538086
2019-07-10,86.91000366210938,85.9000015258789,86.25,86.72000122070312,1734100.0,82.8602523803711
2019-07-11,86.58999633789062,84.94999694824219,86.38999938964844,85.16999816894531,2168600.0,81.37924194335938
2019-07-12,85.37999725341797,84.41000366210938,85.30000305175781,84.75,1492500.0,80.9779281616211
2019-07-15,85.68000030517578,84.37000274658203,84.87999725341797,84.41000366210938,1728000.0,80.653076171875
2019-07-16,84.80999755859375,83.54000091552734,83.87000274658203,84.6500015258789,1599000.0,80.88238525390625
2019-07-17,85.47000122070312,83.91000366210938,84.94000244140625,84.5,1278200.0,80.73906707763672
2019-07-18,85.11000061035156,83.9800033569336,84.33000183105469,84.8499984741211,1201600.0,81.07347869873047
2019-07-19,84.94999694824219,82.97000122070312,84.9000015258789,83.05000305175781,1775000.0,79.35360717773438
2019-07-22,83.62000274658203,82.66999816894531,83.13999938964844,83.05000305175781,3221500.0,79.35360717773438
2019-07-23,83.7300033569336,82.5,83.16999816894531,83.72000122070312,2070600.0,79.99378204345703
2019-07-24,84.01000213623047,82.58999633789062,84.0,83.08999633789062,2051100.0,79.3918228149414
2019-07-25,83.12999725341797,82.22000122070312,82.86000061035156,82.62999725341797,1619400.0,78.9522933959961
2019-07-26,83.27999877929688,82.13999938964844,82.58000183105469,83.12999725341797,1588800.0,79.43003845214844
2019-07-29,84.68000030517578,83.41999816894531,83.75,83.70999908447266,1113300.0,79.98422241210938
2019-07-30,84.41999816894531,83.06999969482422,83.56999969482422,83.94999694824219,1326600.0,80.21353912353516
2019-07-31,84.68000030517578,82.83000183105469,83.7300033569336,83.12000274658203,2011600.0,79.42048645019531
2019-08-01,84.43000030517578,81.36000061035156,82.7699966430664,83.69999694824219,2791000.0,79.97466278076172
2019-08-02,85.23999786376953,83.69999694824219,83.69999694824219,84.76000213623047,1511800.0,80.98749542236328
2019-08-05,85.51000213623047,83.77999877929688,85.16999816894531,84.83999633789062,3232300.0,81.06392669677734
2019-08-06,86.80000305175781,84.04000091552734,84.51000213623047,85.41000366210938,2564700.0,81.60855865478516
2019-08-07,87.91000366210938,84.6500015258789,85.44999694824219,87.25,2256600.0,83.36666870117188
2019-08-08,88.2699966430664,86.06999969482422,86.72000122070312,87.91000366210938,2649500.0,83.99729919433594
2019-08-09,88.44000244140625,87.33999633789062,87.88999938964844,88.27999877929688,1507000.0,84.35082244873047
2019-08-12,88.87000274658203,87.37000274658203,88.30000305175781,87.98999786376953,1149400.0,84.07373809814453
2019-08-13,88.23999786376953,86.4800033569336,87.94999694824219,87.8499984741211,1834900.0,83.9399642944336
2019-08-14,87.55000305175781,86.44999694824219,87.11000061035156,86.55999755859375,1556800.0,83.5346450805664
2019-08-15,88.47000122070312,86.44000244140625,86.48999786376953,88.27999877929688,1866900.0,85.19452667236328
2019-08-16,89.05999755859375,86.44000244140625,88.20999908447266,88.79000091552734,1500700.0,85.68669891357422
2019-08-19,89.62000274658203,88.30999755859375,88.9800033569336,89.41999816894531,1644600.0,86.294677734375
2019-08-20,90.25,88.5,89.9000015258789,88.55000305175781,2286100.0,85.45509338378906
2019-08-21,89.33999633789062,87.95999908447266,88.69999694824219,88.93000030517578,1074600.0,85.82180786132812
2019-08-22,89.26000213623047,88.22000122070312,88.80999755859375,88.9000015258789,1322400.0,85.79285430908203
2019-08-23,90.19999694824219,87.4000015258789,89.01000213623047,87.75,2110300.0,84.68305206298828
2019-08-26,88.72000122070312,87.4000015258789,88.16000366210938,88.5999984741211,2153000.0,85.50334167480469
2019-08-27,90.22000122070312,88.95999908447266,89.18000030517578,88.95999908447266,3336700.0,85.85075378417969
2019-08-28,89.8499984741211,88.61000061035156,89.47000122070312,88.88999938964844,1242900.0,85.78321075439453
2019-08-29,89.80000305175781,88.72000122070312,89.36000061035156,89.68000030517578,1606100.0,86.54559326171875
2019-08-30,90.0,89.02999877929688,89.83999633789062,89.55999755859375,1245500.0,86.4297866821289
2019-09-03,91.44000244140625,89.08999633789062,89.37999725341797,91.37999725341797,1937300.0,88.1861801147461
2019-09-04,92.5,91.52999877929688,92.19000244140625,92.45999908447266,2095900.0,89.22843170166016
2019-09-05,92.11000061035156,89.69999694824219,91.68000030517578,91.08999633789062,2100900.0,87.90631866455078
2019-09-06,92.11000061035156,91.19000244140625,91.19000244140625,91.38999938964844,1904900.0,88.19583129882812
2019-09-09,91.04000091552734,89.62999725341797,91.0,90.20999908447266,1585600.0,87.05707550048828
2019-09-10,89.76000213623047,86.9800033569336,89.30000305175781,87.87999725341797,2472200.0,84.80850219726562
2019-09-11,88.4800033569336,86.58999633789062,87.19999694824219,87.68000030517578,2735800.0,84.6155014038086
2019-09-12,89.33000183105469,87.2300033569336,88.87999725341797,87.44999694824219,2340200.0,84.3935317993164
2019-09-13,87.61000061035156,85.19000244140625,87.01000213623047,85.51000213623047,3001000.0,82.52134704589844
2019-09-16,87.44999694824219,85.6500015258789,86.0999984741211,86.93000030517578,2421000.0,83.89171600341797
2019-09-17,89.47000122070312,87.5,87.66999816894531,89.30000305175781,1743900.0,86.17887878417969
2019-09-18,89.87999725341797,87.91999816894531,89.73999786376953,88.87999725341797,1870800.0,85.77354431152344
2019-09-19,89.68000030517578,88.91000366210938,89.08000183105469,89.30000305175781,1354500.0,86.17887878417969
2019-09-20,89.72000122070312,88.66000366210938,89.70999908447266,88.80000305175781,3578200.0,85.69635009765625
2019-09-23,89.94000244140625,88.62000274658203,88.62000274658203,89.05999755859375,1736400.0,85.94725799560547
2019-09-24,90.18000030517578,88.55999755859375,89.30000305175781,89.16999816894531,2093600.0,86.05341339111328
2019-09-25,89.8499984741211,88.83999633789062,89.27999877929688,89.16999816894531,1414100.0,86.05341339111328
2019-09-26,90.91999816894531,89.23999786376953,89.63999938964844,90.62000274658203,1290800.0,87.45274353027344
2019-09-27,91.05000305175781,89.48999786376953,90.72000122070312,90.29000091552734,1862000.0,87.13427734375
2019-09-30,91.05000305175781,90.08000183105469,90.23999786376953,90.6500015258789,2505500.0,87.481689453125
2019-10-01,90.5199966430664,89.41000366210938,90.2699966430664,89.45999908447266,1680900.0,86.33329010009766
2019-10-02,90.48999786376953,88.9800033569336,90.05999755859375,89.77999877929688,1525500.0,86.64209747314453
2019-10-03,91.98999786376953,89.83999633789062,89.83999633789062,91.33000183105469,1514800.0,88.13793182373047
2019-10-04,92.0,91.30000305175781,91.45999908447266,91.95999908447266,1160000.0,88.74590301513672
2019-10-07,92.33000183105469,91.0,91.05000305175781,91.54000091552734,1411700.0,88.34058380126953
2019-10-08,92.08000183105469,90.73999786376953,91.88999938964844,91.18000030517578,1143300.0,87.99317169189453
2019-10-09,92.06999969482422,91.27999877929688,91.37000274658203,91.3499984741211,889200.0,88.15721893310547
2019-10-10,91.83999633789062,90.3499984741211,91.16000366210938,91.5999984741211,1476800.0,88.39849090576172
2019-10-11,91.81999969482422,90.83000183105469,91.66999816894531,91.18000030517578,1456100.0,87.99317169189453
2019-10-14,91.88999938964844,90.91999816894531,91.27999877929688,91.79000091552734,964400.0,88.58185577392578
2019-10-15,92.1500015258789,90.44000244140625,91.9000015258789,91.38999938964844,1456200.0,88.19583129882812
2019-10-16,91.2300033569336,89.77999877929688,90.88999938964844,91.0199966430664,1857200.0,87.83875274658203
2019-10-17,91.37000274658203,90.5,91.08999633789062,91.18000030517578,2237600.0,87.99317169189453
2019-10-18,92.37999725341797,90.97000122070312,91.13999938964844,92.08999633789062,1896800.0,88.8713607788086
2019-10-21,92.22000122070312,91.0199966430664,91.8499984741211,92.20999908447266,1656900.0,88.98716735839844
2019-10-22,93.16999816894531,91.7300033569336,92.5999984741211,91.91999816894531,2081700.0,88.70730590820312
2019-10-23,92.3499984741211,90.58000183105469,92.0,91.12000274658203,3023000.0,87.93527221679688
2019-10-24,91.27999877929688,90.27999877929688,91.18000030517578,90.83999633789062,1913100.0,87.6650390625
2019-10-25,90.56999969482422,87.63999938964844,90.16999816894531,87.95999908447266,2461700.0,84.88571166992188
2019-10-28,87.9000015258789,86.76000213623047,87.86000061035156,87.04000091552734,3518600.0,83.99787139892578
2019-10-29,92.06999969482422,88.86000061035156,92.06999969482422,89.44000244140625,3377300.0,86.3139877319336
2019-10-30,90.51000213623047,88.93000030517578,88.94000244140625,90.45999908447266,1896800.0,87.29833221435547
2019-10-31,91.47000122070312,89.9000015258789,90.47000122070312,90.69000244140625,2069200.0,87.52029418945312
2019-11-01,91.0999984741211,88.87999725341797,90.83999633789062,90.02999877929688,1820500.0,86.88336181640625
2019-11-04,89.38999938964844,86.63999938964844,89.38999938964844,86.88999938964844,1807800.0,83.85311126708984
2019-11-05,86.20999908447266,84.02999877929688,86.20999908447266,85.55000305175781,3328900.0,82.55994415283203
2019-11-06,86.36000061035156,84.44000244140625,86.16000366210938,84.87000274658203,2411200.0,81.90371704101562
2019-11-07,84.12000274658203,82.51000213623047,84.02999877929688,83.25,2433400.0,80.34033203125
2019-11-08,83.80000305175781,82.69000244140625,83.04000091552734,82.87999725341797,1750400.0,79.98326110839844
2019-11-11,83.61000061035156,82.66999816894531,83.11000061035156,83.11000061035156,1281900.0,80.20521545410156
2019-11-12,83.44999694824219,82.0999984741211,82.44999694824219,82.29000091552734,2512000.0,80.25399017333984
2019-11-13,83.4000015258789,82.4000015258789,82.52999877929688,83.0999984741211,2313400.0,81.0439453125
2019-11-14,83.79000091552734,83.2300033569336,83.36000061035156,83.58999633789062,1558000.0,81.52182006835938
2019-11-15,84.19000244140625,83.20999908447266,83.75,83.98999786376953,3593100.0,81.91192626953125
2019-11-18,85.44000244140625,84.02999877929688,84.18000030517578,84.81999969482422,2264200.0,82.72138977050781
2019-11-19,85.54000091552734,84.61000061035156,85.37000274658203,85.0999984741211,1434700.0,82.99446105957031
2019-11-20,85.37000274658203,84.19000244140625,85.0199966430664,84.83999633789062,1306800.0,82.74089050292969
2019-11-21,84.61000061035156,83.29000091552734,84.1500015258789,83.5,1646400.0,81.43404388427734
2019-11-22,83.88999938964844,82.80999755859375,83.77999877929688,83.6500015258789,1417000.0,81.58033752441406
2019-11-25,84.77999877929688,83.11000061035156,83.94000244140625,83.19000244140625,4300500.0,81.13172149658203
2019-11-26,84.56999969482422,83.38999938964844,83.5,84.55999755859375,3373500.0,82.46781921386719
2019-11-27,85.81999969482422,84.02999877929688,84.2699966430664,85.81999969482422,2085700.0,83.69664764404297
2019-11-29,86.13999938964844,84.44999694824219,85.76000213623047,84.56999969482422,1015800.0,82.47757720947266
2019-12-02,84.58000183105469,83.19999694824219,84.26000213623047,83.2300033569336,1777100.0,81.17073059082031
2019-12-03,84.73999786376953,83.69999694824219,83.88999938964844,83.93000030517578,1828000.0,81.8534164428711
2019-12-04,84.37999725341797,83.54000091552734,83.70999908447266,83.77999877929688,1968900.0,81.70712280273438
2019-12-05,84.05999755859375,82.76000213623047,83.37999725341797,84.05999755859375,1944100.0,81.98019409179688
2019-12-06,84.51000213623047,83.43000030517578,84.0199966430664,83.7699966430664,1185100.0,81.6973648071289
2019-12-09,83.9800033569336,82.91999816894531,83.77999877929688,83.13999938964844,1697000.0,81.08295440673828
2019-12-10,83.33000183105469,82.08000183105469,83.13999938964844,82.69000244140625,1603800.0,80.64408874511719
2019-12-11,82.79000091552734,80.54000091552734,82.68000030517578,81.16999816894531,2528700.0,79.16169738769531
2019-12-12,81.47000122070312,79.01000213623047,81.05000305175781,79.12999725341797,2239700.0,77.17217254638672
2019-12-13,79.77999877929688,77.7300033569336,78.94000244140625,78.66999816894531,2664900.0,76.72354888916016
2019-12-16,78.97000122070312,77.72000122070312,78.63999938964844,78.66999816894531,2742800.0,76.72354888916016
2019-12-17,79.2300033569336,77.23999786376953,79.0199966430664,77.4000015258789,2613800.0,75.48497772216797
2019-12-18,78.68000030517578,76.75,76.97000122070312,78.38999938964844,2412000.0,76.45047760009766
2019-12-19,79.38999938964844,77.9000015258789,78.55999755859375,79.05000305175781,2900200.0,77.09415435791016
2019-12-20,80.79000091552734,79.75,80.43000030517578,80.4000015258789,5539100.0,78.41075134277344
2019-12-23,80.81999969482422,79.55999755859375,80.54000091552734,79.8499984741211,1956300.0,77.87435150146484
2019-12-24,80.13999938964844,79.55000305175781,79.83000183105469,79.93000030517578,425600.0,77.95237731933594
2019-12-26,80.4800033569336,79.91000366210938,80.0199966430664,80.4800033569336,758700.0,78.48876953125
2019-12-27,81.0999984741211,80.4000015258789,80.70999908447266,80.95999908447266,1050200.0,78.95689392089844
2019-12-30,81.04000091552734,80.29000091552734,80.55000305175781,81.01000213623047,2517700.0,79.00566101074219
2019-12-31,81.79000091552734,81.01000213623047,81.05999755859375,81.77999877929688,2777200.0,79.75659942626953
2020-01-02,82.13999938964844,79.95999908447266,82.08999633789062,80.13999938964844,2049100.0,78.15718078613281
2020-01-03,81.66000366210938,79.55000305175781,79.63999938964844,81.55000305175781,1687000.0,79.53230285644531
2020-01-06,83.22000122070312,81.66000366210938,82.08999633789062,82.79000091552734,2201200.0,80.74161529541016
2020-01-07,82.54000091552734,81.23999786376953,82.48999786376953,82.25,1239500.0,80.21498107910156
2020-01-08,82.36000061035156,81.45999908447266,81.91999816894531,82.2699966430664,2016800.0,80.23448181152344
2020-01-09,82.76000213623047,81.79000091552734,82.13999938964844,82.45999908447266,1211900.0,80.41978454589844
2020-01-10,83.04000091552734,82.3499984741211,82.52999877929688,82.80000305175781,1897400.0,80.75137329101562
2020-01-13,84.19999694824219,82.61000061035156,82.61000061035156,84.06999969482422,1563800.0,81.98994445800781
2020-01-14,84.06999969482422,83.05000305175781,83.83999633789062,84.02999877929688,2365700.0,81.95093536376953
2020-01-15,85.19999694824219,84.13999938964844,84.25,84.94999694824219,1726500.0,82.8481674194336
2020-01-16,86.75,84.72000122070312,84.95999908447266,86.55000305175781,1851700.0,84.40858459472656
2020-01-17,86.91999816894531,86.05999755859375,86.6500015258789,86.38999938964844,2177900.0,84.25254821777344
2020-01-21,87.81999969482422,86.4000015258789,86.47000122070312,87.80000305175781,1707700.0,85.6276626586914
2020-01-22,88.11000061035156,85.87999725341797,88.0,86.0,2116100.0,83.8721923828125
2020-01-23,87.27999877929688,85.79000091552734,86.11000061035156,87.23999786376953,2335100.0,85.08151245117188
2020-01-24,87.37999725341797,86.4000015258789,87.30000305175781,86.94999694824219,1479000.0,84.79869079589844
2020-01-27,87.26000213623047,86.45999908447266,86.62000274658203,86.87000274658203,1601000.0,84.72067260742188
2020-01-28,87.16999816894531,86.5199966430664,86.80999755859375,86.75,1341900.0,84.6036376953125
2020-01-29,87.20999908447266,86.30000305175781,86.97000122070312,86.52999877929688,1548100.0,84.38908386230469
2020-01-30,86.36000061035156,85.23999786376953,86.19000244140625,85.4000015258789,3210100.0,83.28704071044922
2020-01-31,85.58000183105469,84.45999908447266,85.55999755859375,84.91000366210938,2419200.0,82.80916595458984
2020-02-03,85.31999969482422,84.25,85.11000061035156,84.45999908447266,2770500.0,82.37029266357422
2020-02-04,85.87999725341797,84.22000122070312,84.63999938964844,84.94999694824219,1915000.0,82.8481674194336
2020-02-05,84.8499984741211,83.76000213623047,84.62000274658203,84.01000213623047,1738400.0,81.93143463134766
2020-02-06,85.3499984741211,84.02999877929688,84.44999694824219,84.66999816894531,2256200.0,82.5750961303711
2020-02-07,85.0999984741211,84.0199966430664,84.66999816894531,84.12999725341797,1581700.0,82.0484619140625
2020-02-10,85.54000091552734,84.36000061035156,84.5999984741211,85.12000274658203,1834600.0,83.01396942138672
2020-02-11,85.69999694824219,84.41999816894531,85.05000305175781,84.9000015258789,1891700.0,82.7994155883789
2020-02-12,86.0199966430664,84.7300033569336,84.94000244140625,85.86000061035156,1412500.0,83.73565673828125
2020-02-13,88.2300033569336,85.68000030517578,85.7699966430664,87.69999694824219,2650800.0,85.5301284790039
2020-02-14,89.37000274658203,88.0,88.25,89.31999969482422,2484500.0,87.11005401611328
2020-02-18,89.98999786376953,88.97000122070312,89.31999969482422,89.83999633789062,2991600.0,87.61717987060547
2020-02-19,89.7699966430664,87.54000091552734,89.7699966430664,87.73999786376953,2193400.0,85.56914520263672
2020-02-20,88.12999725341797,86.9000015258789,87.80999755859375,88.0199966430664,3168400.0,85.84221649169922
2020-02-21,88.16999816894531,87.0,87.36000061035156,87.11000061035156,2202000.0,85.80281829833984
2020-02-24,87.5999984741211,85.6500015258789,86.7300033569336,86.62999725341797,3017600.0,85.33001708984375
2020-02-25,86.94000244140625,82.91000366210938,86.88999938964844,82.97000122070312,3761900.0,81.72494506835938
2020-02-26,83.4800033569336,80.37000274658203,83.12999725341797,80.72000122070312,3839900.0,79.50870513916016
2020-02-27,80.47000122070312,75.56999969482422,79.69999694824219,75.58000183105469,3598400.0,74.44583892822266
2020-02-28,76.37999725341797,71.97000122070312,75.0,74.81999969482422,5619700.0,73.6972427368164
2020-03-02,75.73999786376953,72.8499984741211,75.25,75.26000213623047,5980800.0,74.1306381225586
2020-03-03,79.63999938964844,74.97000122070312,75.5,77.01000213623047,6261700.0,75.85437774658203
2020-03-04,79.76000213623047,77.69999694824219,78.47000122070312,79.6500015258789,2592700.0,78.45476531982422
2020-03-05,78.81999969482422,75.38999938964844,78.52999877929688,76.16999816894531,4065100.0,75.02698516845703
2020-03-06,74.66000366210938,71.12999725341797,74.12999725341797,73.95999908447266,5658000.0,72.85014343261719
2020-03-09,69.47000122070312,64.76000213623047,69.47000122070312,64.87999725341797,5732100.0,63.90639877319336
2020-03-10,66.70999908447266,61.0099983215332,66.63999938964844,64.61000061035156,5142400.0,63.64045333862305
2020-03-11,62.7400016784668,55.34000015258789,62.599998474121094,56.4900016784668,6277600.0,55.64230728149414
2020-03-12,52.150001525878906,39.939998626708984,52.150001525878906,45.95000076293945,12651200.0,45.260467529296875
2020-03-13,52.31999969482422,44.619998931884766,50.290000915527344,51.279998779296875,9208100.0,50.5104866027832
2020-03-16,44.779998779296875,38.0,44.38999938964844,38.77000045776367,7116800.0,38.18821334838867
2020-03-17,41.95000076293945,35.29999923706055,39.810001373291016,38.630001068115234,8052300.0,38.050315856933594
2020-03-18,36.81999969482422,24.270000457763672,35.9900016784668,33.220001220703125,8833800.0,32.72149658203125
2020-03-19,42.470001220703125,30.75,32.849998474121094,40.91999816894531,7698400.0,40.305946350097656
2020-03-20,46.45000076293945,41.349998474121094,42.61000061035156,42.41999816894531,11125500.0,41.78343963623047
2020-03-23,45.84000015258789,38.06999969482422,40.790000915527344,43.4900016784668,7627100.0,42.83738708496094
2020-03-24,48.709999084472656,42.84000015258789,46.529998779296875,45.369998931884766,7375700.0,44.689170837402344
2020-03-25,48.79999923706055,42.84000015258789,45.650001525878906,46.15999984741211,8434200.0,45.467315673828125
2020-03-26,50.779998779296875,44.560001373291016,47.29999923706055,50.40999984741211,7642000.0,49.653541564941406
2020-03-27,50.52000045776367,45.900001525878906,47.52000045776367,49.70000076293945,4939200.0,48.95419692993164
2020-03-30,49.36000061035156,45.029998779296875,48.650001525878906,47.18000030517578,5214200.0,46.47201156616211
2020-03-31,47.290000915527344,44.529998779296875,46.68000030517578,45.779998779296875,6286900.0,45.093017578125
2020-04-01,43.25,38.880001068115234,42.88999938964844,40.599998474121094,5002900.0,39.99074935913086
2020-04-02,42.099998474121094,37.56999969482422,40.2599983215332,38.790000915527344,3825400.0,38.20791244506836
2020-04-03,39.29999923706055,36.22999954223633,37.779998779296875,37.2599983215332,5650000.0,36.700870513916016
2020-04-06,42.97999954223633,40.0,40.9900016784668,42.5099983215332,5405200.0,41.87208938598633
2020-04-07,48.209999084472656,44.290000915527344,44.790000915527344,44.400001525878906,5039500.0,43.73373031616211
2020-04-08,52.7400016784668,44.4900016784668,45.38999938964844,51.59000015258789,5030400.0,50.815834045410156
2020-04-09,58.0,53.97999954223633,54.09000015258789,56.599998474121094,7865200.0,55.75065231323242
2020-04-13,57.0,51.70000076293945,56.630001068115234,52.47999954223633,3596100.0,51.69247817993164
2020-04-14,55.439998626708984,52.93000030517578,53.43000030517578,53.349998474121094,3245700.0,52.54942321777344
2020-04-15,51.81999969482422,48.0,50.56999969482422,48.529998779296875,3127800.0,47.80175018310547
2020-04-16,49.099998474121094,46.65999984741211,49.0099983215332,47.2400016784668,2492900.0,46.53111267089844
2020-04-17,50.0,48.09000015258789,49.56999969482422,49.099998474121094,4518200.0,48.363197326660156
2020-04-20,48.22999954223633,45.2599983215332,47.33000183105469,45.380001068115234,2844600.0,44.69902420043945
2020-04-21,44.220001220703125,42.02000045776367,42.56999969482422,43.72999954223633,3127900.0,43.07378005981445
2020-04-22,45.47999954223633,43.84000015258789,45.279998779296875,44.290000915527344,2260800.0,43.62538146972656
2020-04-23,45.310001373291016,43.040000915527344,44.70000076293945,43.11000061035156,3409900.0,42.46308517456055
2020-04-24,44.13999938964844,42.650001525878906,43.150001525878906,44.060001373291016,3339800.0,43.39883041381836
2020-04-27,46.4900016784668,44.25,44.31999969482422,45.939998626708984,3253000.0,45.25061798095703
2020-04-28,49.349998474121094,46.47999954223633,48.400001525878906,49.060001373291016,3697000.0,48.32379913330078
2020-04-29,52.970001220703125,49.189998626708984,51.20000076293945,52.540000915527344,4084100.0,51.75157928466797
2020-04-30,51.529998779296875,49.61000061035156,49.7599983215332,51.22999954223633,3994700.0,50.46123504638672
2020-05-01,48.7599983215332,46.95000076293945,48.7599983215332,47.33000183105469,3325700.0,46.6197624206543
2020-05-04,48.38999938964844,45.75,46.58000183105469,48.31999969482422,2199000.0,47.59490203857422
2020-05-05,50.11000061035156,48.02000045776367,49.16999816894531,48.20000076293945,4909500.0,47.47670364379883
2020-05-06,48.4900016784668,45.220001220703125,48.29999923706055,45.31999969482422,3521800.0,44.639923095703125
2020-05-07,46.88999938964844,41.310001373291016,43.54999923706055,42.0,10992400.0,41.36974334716797
2020-05-08,44.779998779296875,40.75,42.15999984741211,44.54999923706055,6798900.0,43.88147735595703
2020-05-11,45.04999923706055,42.0,43.880001068115234,42.060001373291016,5062800.0,41.4288444519043
2020-05-12,42.41999816894531,38.97999954223633,42.130001068115234,39.77000045776367,7700800.0,39.1732063293457
2020-05-13,39.869998931884766,37.5099983215332,39.11000061035156,37.959999084472656,6717000.0,37.39036560058594
2020-05-14,40.400001525878906,36.08000183105469,36.79999923706055,40.34000015258789,5266400.0,39.73465347290039
2020-05-15,40.93000030517578,39.43000030517578,39.779998779296875,40.650001525878906,7250400.0,40.040000915527344
2020-05-18,45.61000061035156,42.209999084472656,42.209999084472656,45.130001068115234,5163000.0,45.130001068115234
2020-05-19,46.150001525878906,43.540000915527344,45.119998931884766,45.20000076293945,3241700.0,45.20000076293945
2020-05-20,45.9900016784668,44.63999938964844,45.18000030517578,45.75,3423100.0,45.75
2020-05-21,46.86000061035156,45.36000061035156,45.75,46.41999816894531,3393900.0,46.41999816894531
2020-05-22,47.86000061035156,46.209999084472656,46.439998626708984,47.81999969482422,2387400.0,47.81999969482422
2020-05-26,52.9900016784668,50.02000045776367,52.099998474121094,51.119998931884766,5301800.0,51.119998931884766
2020-05-27,53.970001220703125,51.15999984741211,53.2599983215332,51.88999938964844,4426300.0,51.88999938964844
2020-05-28,52.81999969482422,50.7400016784668,52.52000045776367,51.34000015258789,3907600.0,51.34000015258789
2020-05-29,51.54999923706055,49.16999816894531,50.369998931884766,50.66999816894531,7479061.0,50.66999816894531
